team,no,pos,player,birth_date,age,caps,goals,club,club_country
Czech Republic,1,GK,Matěj Kovář,2000-05-17,26,20,0,PSV Eindhoven,Netherlands
Czech Republic,2,DF,David Zima,2000-11-08,25,25,1,Slavia Prague,Czech Republic
Czech Republic,3,DF,Tomáš Holeš,1993-03-31,33,41,2,Slavia Prague,Czech Republic
Czech Republic,4,DF,Robin Hranáč,2000-01-29,26,14,1,TSG Hoffenheim,Germany
Czech Republic,5,DF,Vladimír Coufal,1992-08-22,33,62,2,TSG Hoffenheim,Germany
Czech Republic,6,DF,Štěpán Chaloupek,2003-03-08,23,5,0,Slavia Prague,Czech Republic
Czech Republic,7,DF,Ladislav Krejčí (captain),1999-04-20,27,27,5,Wolverhampton Wanderers,England
Czech Republic,8,MF,Vladimír Darida,1990-08-08,35,79,8,Hradec Králové,Czech Republic
Czech Republic,9,FW,Adam Hložek,2002-07-25,23,43,5,TSG Hoffenheim,Germany
Czech Republic,10,FW,Patrik Schick,1996-01-24,30,53,26,Bayer Leverkusen,Germany
Czech Republic,11,FW,Jan Kuchta,1997-01-08,29,31,3,Sparta Prague,Czech Republic
Czech Republic,12,MF,Lukáš Červ,2001-04-10,25,17,2,Viktoria Plzeň,Czech Republic
Czech Republic,13,FW,Mojmír Chytil,1999-04-29,27,22,6,Slavia Prague,Czech Republic
Czech Republic,14,DF,David Jurásek,2000-08-07,25,18,1,Slavia Prague,Czech Republic
Czech Republic,15,FW,Pavel Šulc,2000-12-29,25,21,5,Lyon,France
Czech Republic,16,GK,Jindřich Staněk,1996-04-27,30,14,0,Slavia Prague,Czech Republic
Czech Republic,17,MF,Lukáš Provod,1996-10-23,29,38,3,Slavia Prague,Czech Republic
Czech Republic,18,MF,Michal Sadílek,1999-05-31,27,35,1,Slavia Prague,Czech Republic
Czech Republic,19,FW,Tomáš Chorý,1995-01-26,31,22,7,Slavia Prague,Czech Republic
Czech Republic,20,DF,Jaroslav Zelený,1992-08-20,33,23,0,Sparta Prague,Czech Republic
Czech Republic,21,DF,David Douděra,1998-05-31,28,17,2,Slavia Prague,Czech Republic
Czech Republic,22,MF,Tomáš Souček,1995-02-27,31,90,17,West Ham United,England
Czech Republic,23,GK,Lukáš Horníček,2002-07-13,23,1,0,Braga,Portugal
Czech Republic,24,MF,Alexandr Sojka,2003-04-02,23,2,0,Viktoria Plzeň,Czech Republic
Czech Republic,25,MF,Hugo Sochůrek,2008-06-07,18,1,0,Sparta Prague,Czech Republic
Czech Republic,26,FW,Denis Višinský,2003-03-21,23,2,1,Viktoria Plzeň,Czech Republic
Mexico,1,GK,Raúl Rangel,2000-02-25,26,14,0,Guadalajara,Mexico
Mexico,2,DF,Jorge Sánchez,1997-12-10,28,59,3,PAOK,Greece
Mexico,3,DF,César Montes,1997-02-24,29,67,4,Lokomotiv Moscow,Russia
Mexico,4,DF,Edson Álvarez (captain),1997-10-24,28,98,7,Fenerbahçe,Turkey
Mexico,5,DF,Johan Vásquez,1998-10-22,27,46,3,Genoa,Italy
Mexico,6,MF,Érik Lira,2000-05-08,26,25,0,Cruz Azul,Mexico
Mexico,7,MF,Luis Romo,1995-06-05,31,63,4,Guadalajara,Mexico
Mexico,8,MF,Álvaro Fidalgo,1997-04-09,29,4,0,Real Betis,Spain
Mexico,9,FW,Raúl Jiménez,1991-05-05,35,124,45,Fulham,England
Mexico,10,FW,Alexis Vega,1997-11-25,28,52,7,Toluca,Mexico
Mexico,11,FW,Santiago Giménez,2001-04-18,25,47,6,Milan,Italy
Mexico,12,GK,Carlos Acevedo,1996-04-19,30,7,0,Santos Laguna,Mexico
Mexico,13,GK,Guillermo Ochoa,1985-07-13,40,152,0,AEL Limassol,Cyprus
Mexico,14,FW,Armando González,2003-04-20,23,7,1,Guadalajara,Mexico
Mexico,15,DF,Israel Reyes,2000-05-23,26,34,2,América,Mexico
Mexico,16,FW,Julián Quiñones,1997-03-24,29,22,2,Al-Qadsiah,Saudi Arabia
Mexico,17,MF,Orbelín Pineda,1996-03-24,30,92,12,AEK Athens,Greece
Mexico,18,MF,Obed Vargas,2005-08-05,20,6,0,Atlético Madrid,Spain
Mexico,19,MF,Gilberto Mora,2008-10-14,17,8,0,Tijuana,Mexico
Mexico,20,DF,Mateo Chávez,2004-05-12,22,10,0,AZ,Netherlands
Mexico,21,FW,César Huerta,2000-12-03,25,26,3,Anderlecht,Belgium
Mexico,22,FW,Guillermo Martínez,1995-03-15,31,12,3,UNAM,Mexico
Mexico,23,DF,Jesús Gallardo,1994-08-15,31,121,3,Toluca,Mexico
Mexico,24,MF,Luis Chávez,1996-01-15,30,45,5,Dynamo Moscow,Russia
Mexico,25,FW,Roberto Alvarado,1998-09-07,27,67,5,Guadalajara,Mexico
Mexico,26,MF,Brian Gutiérrez,2003-06-17,22,7,2,Guadalajara,Mexico
South Africa,1,GK,Ronwen Williams (captain),1992-01-21,34,62,0,Mamelodi Sundowns,South Africa
South Africa,2,DF,Thabang Matuludi,1999-01-14,27,3,0,Polokwane City,South Africa
South Africa,3,DF,Khulumani Ndamane,2004-02-05,22,5,0,Mamelodi Sundowns,South Africa
South Africa,4,MF,Teboho Mokoena,1997-01-24,29,51,9,Mamelodi Sundowns,South Africa
South Africa,5,MF,Thalente Mbatha,2000-03-06,26,15,3,Orlando Pirates,South Africa
South Africa,6,DF,Aubrey Modiba,1995-07-22,30,44,3,Mamelodi Sundowns,South Africa
South Africa,7,FW,Oswin Appollis,2001-08-25,24,26,8,Orlando Pirates,South Africa
South Africa,8,FW,Tshepang Moremi,2000-10-02,25,10,1,Orlando Pirates,South Africa
South Africa,9,FW,Lyle Foster,2000-09-03,25,27,10,Burnley,England
South Africa,10,FW,Relebohile Mofokeng,2004-10-23,21,13,0,Orlando Pirates,South Africa
South Africa,11,MF,Themba Zwane,1989-08-03,36,54,12,Mamelodi Sundowns,South Africa
South Africa,12,FW,Thapelo Maseko,2003-11-11,22,10,1,AEL Limassol,Cyprus
South Africa,13,MF,Sphephelo Sithole,1999-03-03,27,28,1,Tondela,Portugal
South Africa,14,DF,Mbekezeli Mbokazi,2005-09-19,20,10,1,Chicago Fire FC,United States
South Africa,15,FW,Iqraam Rayners,1995-12-19,30,14,4,Mamelodi Sundowns,South Africa
South Africa,16,GK,Sipho Chaine,1996-12-14,29,4,0,Orlando Pirates,South Africa
South Africa,17,FW,Evidence Makgopa,2000-06-05,26,26,6,Orlando Pirates,South Africa
South Africa,18,DF,Samukele Kabini,2004-03-15,22,6,0,Molde,Norway
South Africa,19,DF,Nkosinathi Sibisi,1995-09-22,30,20,0,Orlando Pirates,South Africa
South Africa,20,DF,Khuliso Mudau,1995-04-26,31,32,1,Mamelodi Sundowns,South Africa
South Africa,21,DF,Ime Okon,2004-02-20,22,8,1,Hannover 96,Germany
South Africa,22,GK,Ricardo Goss,1994-04-02,32,5,0,Siwelele,South Africa
South Africa,23,MF,Jayden Adams,2001-05-05,25,5,0,Mamelodi Sundowns,South Africa
South Africa,24,DF,Olwethu Makhanya,2004-04-30,22,1,0,Philadelphia Union,United States
South Africa,25,FW,Kamogelo Sebelebele,2002-07-21,23,3,0,Orlando Pirates,South Africa
South Africa,26,DF,Bradley Cross,2001-01-30,25,1,0,Kaizer Chiefs,South Africa
South Korea,1,GK,Kim Seung-gyu,1990-09-30,35,87,0,FC Tokyo,Japan
South Korea,2,DF,Lee Han-beom,2002-06-17,23,8,0,Midtjylland,Denmark
South Korea,3,MF,Lee Gi-hyuk,2000-07-07,25,3,0,Gangwon FC,South Korea
South Korea,4,DF,Kim Min-jae,1996-11-15,29,79,4,Bayern Munich,Germany
South Korea,5,DF,Kim Tae-hyeon,2000-09-17,25,7,0,Kashima Antlers,Japan
South Korea,6,MF,Hwang In-beom,1996-09-20,29,73,6,Feyenoord,Netherlands
South Korea,7,FW,Son Heung-min (captain),1992-07-08,33,144,56,Los Angeles FC,United States
South Korea,8,MF,Paik Seung-ho,1997-03-17,29,27,3,Birmingham City,England
South Korea,9,FW,Cho Gue-sung,1998-01-25,28,44,12,Midtjylland,Denmark
South Korea,10,MF,Lee Jae-sung,1992-08-10,33,105,15,Mainz 05,Germany
South Korea,11,MF,Hwang Hee-chan,1996-01-26,30,79,17,Wolverhampton Wanderers,England
South Korea,12,GK,Song Bum-keun,1997-10-15,28,3,0,Jeonbuk Hyundai Motors,South Korea
South Korea,13,DF,Lee Tae-seok,2002-07-28,23,15,1,Austria Wien,Austria
South Korea,14,DF,Cho Wi-je,2001-08-25,24,1,0,Jeonbuk Hyundai Motors,South Korea
South Korea,15,DF,Kim Moon-hwan,1995-08-01,30,35,0,Daejeon Hana Citizen,South Korea
South Korea,16,DF,Park Jin-seob,1995-10-23,30,14,1,Zhejiang,People's Republic of China
South Korea,17,MF,Bae Jun-ho,2003-08-21,22,13,2,Stoke City,England
South Korea,18,FW,Oh Hyeon-gyu,2001-04-12,25,27,6,Beşiktaş,Turkey
South Korea,19,MF,Lee Kang-in,2001-02-19,25,47,11,Paris Saint-Germain,France
South Korea,20,MF,Yang Hyun-jun,2002-05-25,24,9,0,Celtic,Scotland
South Korea,21,GK,Jo Hyeon-woo,1991-09-25,34,48,0,Ulsan HD,South Korea
South Korea,22,DF,Seol Young-woo,1998-12-05,27,34,0,Red Star Belgrade,Serbia
South Korea,23,DF,Jens Castrop,2003-07-29,22,7,0,Borussia Mönchengladbach,Germany
South Korea,24,MF,Kim Jin-gyu,1997-02-24,29,22,3,Jeonbuk Hyundai Motors,South Korea
South Korea,25,MF,Eom Ji-sung,2002-05-09,24,9,2,Swansea City,Wales
South Korea,26,MF,Lee Dong-gyeong,1997-09-20,28,18,4,Ulsan HD,South Korea
Bosnia and Herzegovina,1,GK,Nikola Vasilj,1995-12-02,30,26,0,FC St. Pauli,Germany
Bosnia and Herzegovina,2,DF,Nihad Mujakić,1998-04-15,28,12,1,Gaziantep,Turkey
Bosnia and Herzegovina,3,DF,Dennis Hadžikadunić,1998-07-09,27,32,0,Sampdoria,Italy
Bosnia and Herzegovina,4,DF,Tarik Muharemović,2003-02-28,23,14,1,Sassuolo,Italy
Bosnia and Herzegovina,5,DF,Sead Kolašinac,1993-06-20,32,65,0,Atalanta,Italy
Bosnia and Herzegovina,6,MF,Benjamin Tahirović,2003-03-03,23,28,2,Brøndby,Denmark
Bosnia and Herzegovina,7,DF,Amar Dedić,2002-08-18,23,28,1,Benfica,Portugal
Bosnia and Herzegovina,8,MF,Armin Gigović,2002-04-06,24,20,1,Young Boys,Switzerland
Bosnia and Herzegovina,9,FW,Samed Baždar,2004-01-31,22,13,1,Jagiellonia Białystok,Poland
Bosnia and Herzegovina,10,FW,Ermedin Demirović,1998-03-25,28,40,4,VfB Stuttgart,Germany
Bosnia and Herzegovina,11,FW,Edin Džeko (captain),1986-03-17,40,148,73,Schalke 04,Germany
Bosnia and Herzegovina,12,GK,Mladen Jurkas,2007-10-07,18,0,0,Borac Banja Luka,Bosnia and Herzegovina
Bosnia and Herzegovina,13,MF,Ivan Bašić,2002-04-30,24,17,0,Astana,Kazakhstan
Bosnia and Herzegovina,14,MF,Ivan Šunjić,1996-10-09,29,11,0,Pafos,Cyprus
Bosnia and Herzegovina,15,MF,Amar Memić,2001-01-20,25,13,1,Viktoria Plzeň,Czech Republic
Bosnia and Herzegovina,16,MF,Amir Hadžiahmetović,1997-03-08,29,36,0,Hull City,England
Bosnia and Herzegovina,17,MF,Dženis Burnić,1998-05-22,28,20,0,Karlsruher SC,Germany
Bosnia and Herzegovina,18,DF,Nikola Katić,1996-10-10,29,17,2,Schalke 04,Germany
Bosnia and Herzegovina,19,FW,Kerim Alajbegović,2007-09-21,18,10,1,Red Bull Salzburg,Austria
Bosnia and Herzegovina,20,FW,Esmir Bajraktarević,2005-03-10,21,16,1,PSV Eindhoven,Netherlands
Bosnia and Herzegovina,21,DF,Stjepan Radeljić,1997-09-05,28,5,0,Rijeka,Croatia
Bosnia and Herzegovina,22,GK,Martin Zlomislić,1998-08-16,27,3,0,Rijeka,Croatia
Bosnia and Herzegovina,23,FW,Haris Tabaković,1994-06-20,31,10,4,Borussia Mönchengladbach,Germany
Bosnia and Herzegovina,24,DF,Nidal Čelik,2006-07-17,19,2,0,Lens,France
Bosnia and Herzegovina,25,FW,Jovo Lukić,1998-11-28,27,3,0,Universitatea Cluj,Romania
Bosnia and Herzegovina,26,MF,Ermin Mahmić,2005-03-14,21,2,0,Slovan Liberec,Czech Republic
Canada,1,GK,Dayne St. Clair,1997-05-09,29,20,0,Inter Miami CF,United States
Canada,2,DF,Alistair Johnston,1998-10-08,27,58,1,Celtic,Scotland
Canada,3,DF,Alfie Jones,1997-10-07,28,2,0,Middlesbrough,England
Canada,4,DF,Luc de Fougerolles,2005-10-12,20,13,0,Dender,Belgium
Canada,5,DF,Joel Waterman,1996-01-24,30,17,0,Chicago Fire FC,United States
Canada,6,MF,Mathieu Choinière,1999-02-07,27,23,0,Los Angeles FC,United States
Canada,7,MF,Stephen Eustáquio,1996-12-21,29,56,4,Los Angeles FC,United States
Canada,8,MF,Ismaël Koné,2002-06-16,23,40,4,Sassuolo,Italy
Canada,9,FW,Cyle Larin,1995-04-17,31,90,30,Southampton,England
Canada,10,FW,Jonathan David,2000-01-14,26,77,39,Juventus,Italy
Canada,11,MF,Liam Millar,1999-09-27,26,41,1,Hull City,England
Canada,12,FW,Tani Oluwaseyi,2000-05-15,26,24,2,Villarreal,Spain
Canada,13,DF,Derek Cornelius,1997-11-25,28,44,1,Rangers,Scotland
Canada,14,MF,Jacob Shaffelburg,1999-11-26,26,31,6,Los Angeles FC,United States
Canada,15,DF,Moïse Bombito,2000-03-30,26,20,0,Nice,France
Canada,16,GK,Maxime Crépeau,1994-05-11,32,32,0,Orlando City SC,United States
Canada,17,FW,Tajon Buchanan,1999-02-08,27,60,8,Villarreal,Spain
Canada,18,GK,Owen Goodman,2003-11-27,22,0,0,Barnsley,England
Canada,19,DF,Alphonso Davies (captain),2000-11-02,25,58,15,Bayern Munich,Germany
Canada,20,FW,Ali Ahmed,2000-10-10,25,24,1,Norwich City,England
Canada,21,MF,Jonathan Osorio,1992-06-12,33,90,10,Toronto FC,Canada
Canada,22,DF,Richie Laryea,1995-01-07,31,75,1,Toronto FC,Canada
Canada,23,DF,Niko Sigur,2003-09-09,22,19,2,Hajduk Split,Croatia
Canada,24,FW,Promise David,2001-07-03,24,10,3,Union Saint-Gilloise,Belgium
Canada,25,MF,Nathan Saliba,2004-02-07,22,15,2,Anderlecht,Belgium
Canada,26,MF,Jayden Nelson,2002-02-07,24,14,3,Austin FC,United States
Qatar,1,GK,Mahmud Abunada,2000-02-05,26,5,0,Al-Rayyan,Qatar
Qatar,2,DF,Pedro Miguel,1990-08-06,35,99,3,Al-Sadd,Qatar
Qatar,3,DF,Lucas Mendes,1990-07-03,35,25,1,Al-Wakrah,Qatar
Qatar,4,DF,Issa Laye,1997-12-22,28,4,0,Al-Arabi,Qatar
Qatar,5,DF,Jassem Gaber,2002-02-20,24,32,1,Al-Rayyan,Qatar
Qatar,6,MF,Abdulaziz Hatem,1990-01-01,36,117,11,Al-Rayyan,Qatar
Qatar,7,FW,Ahmed Alaaeldin,1993-01-31,33,68,9,Al-Rayyan,Qatar
Qatar,8,FW,Edmilson Junior,1994-08-19,31,16,0,Al-Duhail,Qatar
Qatar,9,FW,Mohammed Muntari,1993-12-20,32,67,16,Al-Gharafa,Qatar
Qatar,10,FW,Hassan Al-Haydos (captain),1990-12-11,35,186,41,Al-Sadd,Qatar
Qatar,11,FW,Akram Afif,1996-11-18,29,125,39,Al-Sadd,Qatar
Qatar,12,MF,Karim Boudiaf,1990-09-16,35,118,5,Al-Duhail,Qatar
Qatar,13,DF,Ayoub Al-Oui,2005-03-11,21,6,0,Al-Gharafa,Qatar
Qatar,14,DF,Homam Ahmed,1999-08-25,26,68,3,Cultural Leonesa,Spain
Qatar,15,FW,Yusuf Abdurisag,1999-08-06,26,39,3,Al-Wakrah,Qatar
Qatar,16,DF,Boualem Khoukhi,1990-07-09,35,116,20,Al-Sadd,Qatar
Qatar,17,MF,Ahmed Al-Ganehi,2000-09-22,25,13,1,Al-Gharafa,Qatar
Qatar,18,DF,Sultan Al-Brake,1996-04-07,30,17,0,Al-Duhail,Qatar
Qatar,19,FW,Almoez Ali,1996-08-19,29,115,55,Al-Duhail,Qatar
Qatar,20,MF,Ahmed Fathy,1993-01-25,33,48,0,Al-Arabi,Qatar
Qatar,21,GK,Salah Zakaria,1999-04-24,27,8,0,Al-Duhail,Qatar
Qatar,22,GK,Meshaal Barsham,1998-02-14,28,52,0,Al-Sadd,Qatar
Qatar,23,MF,Assim Madibo,1996-10-22,29,51,0,Al-Wakrah,Qatar
Qatar,24,FW,Tahsin Jamshid,2006-06-16,19,3,0,Al-Duhail,Qatar
Qatar,25,DF,Al-Hashmi Al-Hussain,2003-08-15,22,8,0,Al-Arabi,Qatar
Qatar,26,FW,Mohamed Manai,2002-10-25,23,10,0,Al-Shamal,Qatar
Switzerland,1,GK,Gregor Kobel,1997-12-06,28,21,0,Borussia Dortmund,Germany
Switzerland,2,DF,Miro Muheim,1998-03-24,28,10,0,Hamburger SV,Germany
Switzerland,3,DF,Silvan Widmer,1993-03-05,33,60,5,Mainz 05,Germany
Switzerland,4,DF,Nico Elvedi,1996-09-30,29,67,3,Borussia Mönchengladbach,Germany
Switzerland,5,DF,Manuel Akanji,1995-07-19,30,81,4,Inter Milan,Italy
Switzerland,6,MF,Denis Zakaria,1996-11-20,29,65,3,Monaco,France
Switzerland,7,FW,Breel Embolo,1997-02-14,29,86,24,Rennes,France
Switzerland,8,MF,Remo Freuler,1992-04-15,34,88,11,Bologna,Italy
Switzerland,9,MF,Johan Manzambi,2005-10-14,20,12,3,SC Freiburg,Germany
Switzerland,10,MF,Granit Xhaka (captain),1992-09-27,33,146,17,Sunderland,England
Switzerland,11,FW,Dan Ndoye,2000-10-25,25,31,8,Nottingham Forest,England
Switzerland,12,GK,Yvon Mvogo,1994-06-06,32,13,0,Lorient,France
Switzerland,13,DF,Ricardo Rodriguez,1992-08-25,33,138,9,Real Betis,Spain
Switzerland,14,MF,Ardon Jashari,2002-07-30,23,8,0,Milan,Italy
Switzerland,15,MF,Djibril Sow,1997-02-06,29,52,0,Sevilla,Spain
Switzerland,16,FW,Christian Fassnacht,1993-11-11,32,23,5,Young Boys,Switzerland
Switzerland,17,FW,Rubén Vargas,1998-08-05,27,61,11,Sevilla,Spain
Switzerland,18,DF,Eray Cömert,1998-02-04,28,22,0,Valencia,Spain
Switzerland,19,FW,Noah Okafor,2000-05-24,26,25,2,Leeds United,England
Switzerland,20,MF,Michel Aebischer,1997-01-06,29,40,2,Pisa,Italy
Switzerland,21,GK,Marvin Keller,2002-07-03,23,1,0,Young Boys,Switzerland
Switzerland,22,MF,Fabian Rieder,2002-02-16,24,28,1,FC Augsburg,Germany
Switzerland,23,FW,Zeki Amdouni,2000-12-04,25,29,11,Burnley,England
Switzerland,24,DF,Aurèle Amenda,2003-07-31,22,7,0,Eintracht Frankfurt,Germany
Switzerland,25,DF,Luca Jaquez,2003-06-02,23,3,0,VfB Stuttgart,Germany
Switzerland,26,FW,Cedric Itten,1996-12-27,29,15,5,Fortuna Düsseldorf,Germany
Brazil,1,GK,Alisson,1992-10-02,33,78,0,Liverpool,England
Brazil,2,MF,Éderson Silva,1999-07-07,26,3,0,Atalanta,Italy
Brazil,3,DF,Gabriel Magalhães,1997-12-19,28,17,1,Arsenal,England
Brazil,4,DF,Marquinhos (captain),1994-05-14,32,105,7,Paris Saint-Germain,France
Brazil,5,MF,Casemiro,1992-02-23,34,86,9,Manchester United,England
Brazil,6,DF,Alex Sandro,1991-01-26,35,45,2,Flamengo,Brazil
Brazil,7,FW,Vinícius Júnior,2000-07-12,25,49,9,Real Madrid,Spain
Brazil,8,MF,Bruno Guimarães,1997-11-16,28,43,3,Newcastle United,England
Brazil,9,FW,Matheus Cunha,1999-05-27,27,23,1,Manchester United,England
Brazil,10,FW,Neymar,1992-02-05,34,128,79,Santos,Brazil
Brazil,11,FW,Raphinha,1996-12-14,29,39,11,Barcelona,Spain
Brazil,12,GK,Weverton,1987-12-13,38,11,0,Grêmio,Brazil
Brazil,13,DF,Danilo Luiz,1991-07-15,34,70,1,Flamengo,Brazil
Brazil,14,DF,Bremer,1997-03-18,29,8,1,Juventus,Italy
Brazil,15,DF,Léo Pereira,1996-01-31,30,4,0,Flamengo,Brazil
Brazil,16,DF,Douglas Santos,1994-03-22,32,7,0,Zenit Saint Petersburg,Russia
Brazil,17,MF,Fabinho,1993-10-23,32,33,0,Al-Ittihad,Saudi Arabia
Brazil,18,MF,Danilo Santos,2001-04-29,25,4,2,Botafogo,Brazil
Brazil,19,FW,Endrick,2006-07-21,19,17,4,Lyon,France
Brazil,20,MF,Lucas Paquetá,1997-08-27,28,63,13,Flamengo,Brazil
Brazil,21,FW,Luiz Henrique,2001-01-02,25,15,2,Zenit Saint Petersburg,Russia
Brazil,22,FW,Gabriel Martinelli,2001-06-18,24,23,4,Arsenal,England
Brazil,23,GK,Ederson Moraes,1993-08-17,32,32,0,Fenerbahçe,Turkey
Brazil,24,DF,Roger Ibañez,1998-11-23,27,7,0,Al-Ahli,Saudi Arabia
Brazil,25,FW,Igor Thiago,2001-06-26,24,4,2,Brentford,England
Brazil,26,FW,Rayan,2006-08-03,19,2,1,Bournemouth,England
Haiti,1,GK,Johny Placide (captain),1988-01-29,38,81,0,Bastia,France
Haiti,2,DF,Carlens Arcus,1996-06-28,29,53,1,Angers,France
Haiti,3,DF,Keeto Thermoncy,2006-03-29,20,1,0,Young Boys,Switzerland
Haiti,4,DF,Ricardo Adé,1990-05-21,36,59,2,LDU Quito,Ecuador
Haiti,5,DF,Hannes Delcroix,1999-02-28,27,7,0,Lugano,Switzerland
Haiti,6,MF,Carl Sainté,2002-08-09,23,26,0,El Paso Locomotive FC,United States
Haiti,7,FW,Derrick Etienne Jr.,1996-11-25,29,48,8,Toronto FC,Canada
Haiti,8,DF,Martin Expérience,1999-03-09,27,21,0,Nancy,France
Haiti,9,FW,Duckens Nazon,1994-04-07,32,78,44,Esteghlal,Iran
Haiti,10,MF,Jean-Ricner Bellegarde,1998-06-27,27,10,0,Wolverhampton Wanderers,England
Haiti,11,FW,Louicius Deedson,2001-02-11,25,32,10,FC Dallas,United States
Haiti,12,GK,Alexandre Pierre,2001-02-25,25,15,0,Sochaux,France
Haiti,13,DF,Duke Lacroix,1993-10-14,32,16,3,Colorado Springs Switchbacks FC,United States
Haiti,14,MF,Leverton Pierre,1998-03-09,28,33,0,Vizela,Portugal
Haiti,15,FW,Ruben Providence,2001-07-07,24,15,3,Almere City,Netherlands
Haiti,16,FW,Lenny Joseph,2000-10-12,25,2,1,Ferencváros,Hungary
Haiti,17,MF,Danley Jean Jacques,2000-05-20,26,30,6,Philadelphia Union,United States
Haiti,18,FW,Wilson Isidor,2000-08-27,25,4,2,Sunderland,England
Haiti,19,FW,Yassin Fortuné,1999-01-30,27,4,0,Vizela,Portugal
Haiti,20,FW,Frantzdy Pierrot,1995-03-29,31,51,34,Çaykur Rizespor,Turkey
Haiti,21,FW,Josué Casimir,2001-09-24,24,7,0,Auxerre,France
Haiti,22,DF,Jean-Kévin Duverne,1997-07-12,28,17,1,Gent,Belgium
Haiti,23,GK,Josué Duverger,2000-04-27,26,6,0,Cosmos Koblenz,Germany
Haiti,24,DF,Wilguens Paugain,2001-08-24,24,8,0,Zulte Waregem,Belgium
Haiti,25,MF,Dominique Simon,2000-07-29,25,2,0,Tatran Prešov,Slovakia
Haiti,26,MF,Woodensky Pierre,2004-12-30,21,1,0,Violette,Haiti
Morocco,1,GK,Yassine Bounou,1991-04-05,35,90,0,Al-Hilal,Saudi Arabia
Morocco,2,DF,Achraf Hakimi (captain),1998-11-04,27,96,11,Paris Saint-Germain,France
Morocco,3,DF,Noussair Mazraoui,1997-11-14,28,45,2,Manchester United,England
Morocco,4,MF,Sofyan Amrabat,1996-08-21,29,75,0,Real Betis,Spain
Morocco,5,DF,Nayef Aguerd,1996-03-30,30,64,2,Marseille,France
Morocco,6,MF,Ayyoub Bouaddi,2007-10-02,18,3,0,Lille,France
Morocco,7,MF,Chemsdine Talbi,2005-05-09,21,5,0,Sunderland,England
Morocco,8,MF,Azzedine Ounahi,2000-04-19,26,49,9,Girona,Spain
Morocco,9,FW,Soufiane Rahimi,1996-06-02,30,37,12,Al Ain,United Arab Emirates
Morocco,10,FW,Brahim Díaz,1999-08-03,26,26,14,Real Madrid,Spain
Morocco,11,MF,Ismael Saibari,2001-01-28,25,31,9,PSV Eindhoven,Netherlands
Morocco,12,GK,Munir Mohamedi,1989-05-10,37,53,0,RS Berkane,Morocco
Morocco,13,DF,Zakaria El Ouahdi,2001-12-31,24,3,0,Genk,Belgium
Morocco,14,DF,Issa Diop,1997-01-09,29,4,0,Fulham,England
Morocco,15,MF,Samir El Mourabet,2005-10-06,20,4,0,Strasbourg,France
Morocco,16,MF,Gessime Yassine,2005-11-22,20,5,0,Strasbourg,France
Morocco,17,FW,Abde Ezzalzouli,2001-12-17,24,37,2,Real Betis,Spain
Morocco,18,DF,Chadi Riad,2003-06-17,22,6,1,Crystal Palace,England
Morocco,19,DF,Youssef Belammari,1998-09-20,27,19,0,Al Ahly,Egypt
Morocco,20,FW,Ayoub El Kaabi,1993-06-25,32,71,35,Olympiacos,Greece
Morocco,21,FW,Ayoube Amaimouni,2004-11-30,21,2,0,Eintracht Frankfurt,Germany
Morocco,22,GK,Ahmed Reda Tagnaouti,1996-04-05,30,3,0,AS FAR,Morocco
Morocco,23,MF,Bilal El Khannouss,2004-05-10,22,37,3,VfB Stuttgart,Germany
Morocco,24,MF,Neil El Aynaoui,2001-07-02,24,16,2,Roma,Italy
Morocco,25,DF,Redouane Halhal,2003-03-05,23,3,0,Mechelen,Belgium
Morocco,26,DF,Anass Salah-Eddine,2002-01-18,24,9,0,PSV Eindhoven,Netherlands
Scotland,1,GK,Angus Gunn,1996-01-22,30,22,0,Nottingham Forest,England
Scotland,2,DF,Aaron Hickey,2002-06-10,24,21,0,Brentford,England
Scotland,3,DF,Andy Robertson (captain),1994-03-11,32,94,4,Liverpool,England
Scotland,4,MF,Scott McTominay,1996-12-08,29,70,15,Napoli,Italy
Scotland,5,DF,Grant Hanley,1991-11-20,34,68,2,Hibernian,Scotland
Scotland,6,DF,Kieran Tierney,1997-06-05,29,56,2,Celtic,Scotland
Scotland,7,MF,John McGinn,1994-10-18,31,86,20,Aston Villa,England
Scotland,8,MF,Tyler Fletcher,2007-03-19,19,2,0,Manchester United,England
Scotland,9,FW,Lyndon Dykes,1995-10-07,30,51,10,Charlton Athletic,England
Scotland,10,FW,Ché Adams,1996-07-13,29,47,13,Torino,Italy
Scotland,11,MF,Ryan Christie,1995-02-22,31,68,10,Bournemouth,England
Scotland,12,GK,Liam Kelly,1996-01-23,30,3,0,Rangers,Scotland
Scotland,13,DF,Jack Hendry,1995-05-07,31,38,3,Al-Ettifaq,Saudi Arabia
Scotland,14,FW,Ross Stewart,1996-07-11,29,3,0,Southampton,England
Scotland,15,DF,John Souttar,1996-09-25,29,24,2,Rangers,Scotland
Scotland,16,DF,Dominic Hyam,1995-12-20,30,4,0,Wrexham,Wales
Scotland,17,FW,Ben Gannon-Doak,2005-11-11,20,14,1,Bournemouth,England
Scotland,18,FW,George Hirst,1999-02-15,27,10,1,Ipswich Town,England
Scotland,19,MF,Lewis Ferguson,1999-08-24,26,24,1,Bologna,Italy
Scotland,20,FW,Lawrence Shankland,1995-08-10,30,20,7,Heart of Midlothian,Scotland
Scotland,21,GK,Craig Gordon,1982-12-31,43,84,0,Heart of Midlothian,Scotland
Scotland,22,DF,Nathan Patterson,2001-10-16,24,26,1,Everton,England
Scotland,23,MF,Kenny McLean,1992-01-08,34,58,3,Norwich City,England
Scotland,24,DF,Anthony Ralston,1998-11-16,27,27,1,Celtic,Scotland
Scotland,25,FW,Findlay Curtis,2006-06-09,20,3,1,Kilmarnock,Scotland
Scotland,26,DF,Scott McKenna,1996-11-12,29,50,1,Dinamo Zagreb,Croatia
Australia,1,GK,Mathew Ryan (captain),1992-04-08,34,104,0,Levante,Spain
Australia,2,DF,Miloš Degenek,1994-04-28,32,57,1,APOEL,Cyprus
Australia,3,DF,Alessandro Circati,2003-10-10,22,13,1,Parma,Italy
Australia,4,DF,Jacob Italiano,2001-07-30,24,5,0,Grazer AK,Austria
Australia,5,DF,Jordan Bos,2002-10-29,23,27,4,Feyenoord,Netherlands
Australia,6,DF,Jason Geria,1993-05-10,33,14,0,Albirex Niigata,Japan
Australia,7,FW,Mathew Leckie,1991-02-04,35,80,14,Melbourne City,Australia
Australia,8,MF,Connor Metcalfe,1999-11-05,26,36,1,FC St. Pauli,Germany
Australia,9,FW,Mohamed Touré,2004-03-26,22,10,2,Norwich City,England
Australia,10,FW,Ajdin Hrustic,1996-07-05,29,37,4,Heracles Almelo,Netherlands
Australia,11,FW,Awer Mabil,1995-09-15,30,38,10,Castellón,Spain
Australia,12,GK,Paul Izzo,1995-01-06,31,4,0,Randers,Denmark
Australia,13,MF,Aiden O'Neill,1998-07-04,27,31,0,New York City FC,United States
Australia,14,MF,Cammy Devlin,1998-06-07,28,5,0,Heart of Midlothian,Scotland
Australia,15,DF,Kai Trewin,2001-05-18,25,6,0,New York City FC,United States
Australia,16,DF,Aziz Behich,1990-12-16,35,84,3,Melbourne City,Australia
Australia,17,FW,Nestory Irankunda,2006-02-09,20,15,5,Watford,England
Australia,18,GK,Patrick Beach,2003-08-06,22,2,0,Melbourne City,Australia
Australia,19,DF,Harry Souttar,1998-10-22,27,38,11,Leicester City,England
Australia,20,FW,Cristian Volpato,2003-11-15,22,1,0,Sassuolo,Italy
Australia,21,DF,Cameron Burgess,1995-10-21,30,27,0,Swansea City,Wales
Australia,22,MF,Jackson Irvine,1993-03-07,33,82,14,FC St. Pauli,Germany
Australia,23,FW,Nishan Velupillay,2001-05-07,25,7,3,Melbourne Victory,Australia
Australia,24,MF,Paul Okon-Engstler,2005-01-24,21,6,0,Sydney FC,Australia
Australia,25,DF,Lucas Herrington,2007-09-05,18,4,0,Colorado Rapids,United States
Australia,26,FW,Tete Yengi,2000-11-28,25,1,1,Machida Zelvia,Japan
Paraguay,1,GK,Gatito Fernández,1988-03-29,38,31,0,Cerro Porteño,Paraguay
Paraguay,2,DF,Gustavo Velázquez,1991-04-17,35,13,1,Cerro Porteño,Paraguay
Paraguay,3,DF,Omar Alderete,1996-12-26,29,36,3,Sunderland,England
Paraguay,4,DF,Juan José Cáceres,2000-06-01,26,17,0,Dynamo Moscow,Russia
Paraguay,5,DF,Fabián Balbuena,1991-08-23,34,48,2,Grêmio,Brazil
Paraguay,6,DF,Júnior Alonso,1993-02-09,33,71,3,Atlético Mineiro,Brazil
Paraguay,7,MF,Ramón Sosa,1999-08-31,26,29,1,Palmeiras,Brazil
Paraguay,8,MF,Diego Gómez,2003-03-27,23,24,3,Brighton & Hove Albion,England
Paraguay,9,FW,Antonio Sanabria,1996-03-04,30,48,7,Cremonese,Italy
Paraguay,10,MF,Miguel Almirón,1994-02-10,32,76,10,Atlanta United FC,United States
Paraguay,11,MF,Maurício,2001-06-22,24,3,0,Palmeiras,Brazil
Paraguay,12,GK,Orlando Gill,2000-06-11,26,6,0,San Lorenzo,Argentina
Paraguay,13,DF,José Canale,1996-07-20,29,2,0,Lanús,Argentina
Paraguay,14,MF,Andrés Cubas,1996-05-11,30,33,0,Vancouver Whitecaps FC,Canada
Paraguay,15,DF,Gustavo Gómez (captain),1993-05-06,33,89,4,Palmeiras,Brazil
Paraguay,16,MF,Damián Bobadilla,2001-07-11,24,19,1,São Paulo,Brazil
Paraguay,17,FW,Kaku,1995-01-11,31,33,6,Al Ain,United Arab Emirates
Paraguay,18,FW,Álex Arce,1995-06-16,30,15,1,Independiente Rivadavia,Argentina
Paraguay,19,FW,Julio Enciso,2004-01-23,22,32,4,Strasbourg,France
Paraguay,20,MF,Braian Ojeda,2000-06-27,25,17,0,Orlando City SC,United States
Paraguay,21,FW,Gabriel Ávalos,1990-10-12,35,23,2,Independiente,Argentina
Paraguay,22,GK,Gastón Olveira,1993-04-21,33,1,0,Olimpia,Paraguay
Paraguay,23,MF,Matías Galarza,2002-02-11,24,15,3,Atlanta United FC,United States
Paraguay,24,MF,Gustavo Caballero,2001-09-21,24,2,1,Portsmouth,England
Paraguay,25,FW,Isidro Pitta,1999-08-14,26,5,0,Red Bull Bragantino,Brazil
Paraguay,26,DF,Alexandro Maidana,2005-07-26,20,2,1,Talleres,Argentina
Turkey,1,GK,Mert Günok,1989-03-01,37,37,0,Fenerbahçe,Turkey
Turkey,2,DF,Zeki Çelik,1997-02-17,29,61,3,Roma,Italy
Turkey,3,DF,Merih Demiral,1998-03-05,28,62,6,Al-Ahli,Saudi Arabia
Turkey,4,DF,Çağlar Söyüncü,1996-05-23,30,60,2,Fenerbahçe,Turkey
Turkey,5,MF,Salih Özcan,1998-01-11,28,30,1,Borussia Dortmund,Germany
Turkey,6,MF,Orkun Kökçü,2000-12-29,25,50,4,Beşiktaş,Turkey
Turkey,7,FW,Kerem Aktürkoğlu,1998-10-21,27,52,15,Fenerbahçe,Turkey
Turkey,8,FW,Arda Güler,2005-02-25,21,29,6,Real Madrid,Spain
Turkey,9,FW,Deniz Gül,2004-07-02,21,8,2,Porto,Portugal
Turkey,10,MF,Hakan Çalhanoğlu (captain),1994-02-08,32,105,22,Inter Milan,Italy
Turkey,11,FW,Kenan Yıldız,2005-05-04,21,28,5,Juventus,Italy
Turkey,12,GK,Altay Bayındır,1998-04-14,28,12,0,Manchester United,England
Turkey,13,DF,Eren Elmalı,2000-07-07,25,23,0,Galatasaray,Turkey
Turkey,14,DF,Abdülkerim Bardakcı,1994-09-07,31,27,2,Galatasaray,Turkey
Turkey,15,DF,Ozan Kabak,2000-03-25,26,30,2,TSG Hoffenheim,Germany
Turkey,16,MF,İsmail Yüksek,1999-01-26,27,32,1,Fenerbahçe,Turkey
Turkey,17,FW,İrfan Can Kahveci,1995-07-15,30,47,6,Kasımpaşa,Turkey
Turkey,18,DF,Mert Müldür,1999-04-03,27,45,3,Fenerbahçe,Turkey
Turkey,19,FW,Yunus Akgün,2000-07-07,25,19,4,Galatasaray,Turkey
Turkey,20,DF,Ferdi Kadıoğlu,1999-10-07,26,30,2,Brighton & Hove Albion,England
Turkey,21,FW,Barış Alper Yılmaz,2000-05-23,26,35,4,Galatasaray,Turkey
Turkey,22,MF,Kaan Ayhan,1994-11-10,31,73,5,Galatasaray,Turkey
Turkey,23,GK,Uğurcan Çakır,1996-04-05,30,39,0,Galatasaray,Turkey
Turkey,24,FW,Oğuz Aydın,2000-10-27,25,11,0,Fenerbahçe,Turkey
Turkey,25,DF,Samet Akaydin,1994-03-13,32,19,1,Çaykur Rizespor,Turkey
Turkey,26,FW,Can Uzun,2005-11-11,20,6,1,Eintracht Frankfurt,Germany
United States,1,GK,Matt Turner,1994-06-24,31,54,0,New England Revolution,United States
United States,2,DF,Sergiño Dest,2000-11-03,25,39,3,PSV Eindhoven,Netherlands
United States,3,DF,Chris Richards,2000-03-28,26,36,3,Crystal Palace,England
United States,4,MF,Tyler Adams,1999-02-14,27,54,2,Bournemouth,England
United States,5,DF,Antonee Robinson,1997-08-08,28,54,5,Fulham,England
United States,6,DF,Auston Trusty,1998-08-12,27,8,0,Celtic,Scotland
United States,7,MF,Giovanni Reyna,2002-11-13,23,38,9,Borussia Mönchengladbach,Germany
United States,8,MF,Weston McKennie,1998-08-28,27,66,12,Juventus,Italy
United States,9,FW,Ricardo Pepi,2003-01-09,23,37,13,PSV Eindhoven,Netherlands
United States,10,FW,Christian Pulisic,1998-09-18,27,86,33,Milan,Italy
United States,11,FW,Brenden Aaronson,2000-10-22,25,58,9,Leeds United,England
United States,12,DF,Miles Robinson,1997-03-14,29,40,3,FC Cincinnati,United States
United States,13,DF,Tim Ream (captain),1987-10-05,38,82,1,Charlotte FC,United States
United States,14,MF,Sebastian Berhalter,2001-05-10,25,13,1,Vancouver Whitecaps FC,Canada
United States,15,MF,Cristian Roldan,1995-06-03,31,47,0,Seattle Sounders FC,United States
United States,16,DF,Alex Freeman,2004-08-09,21,17,2,Villarreal,Spain
United States,17,MF,Malik Tillman,2002-05-28,24,30,3,Bayer Leverkusen,Germany
United States,18,DF,Max Arfsten,2001-04-19,25,20,1,Columbus Crew,United States
United States,19,FW,Haji Wright,1998-03-27,28,20,7,Coventry City,England
United States,20,FW,Folarin Balogun,2001-07-03,24,27,9,Monaco,France
United States,21,FW,Timothy Weah,2000-02-22,26,51,7,Marseille,France
United States,22,DF,Mark McKenzie,1999-02-25,27,29,0,Toulouse,France
United States,23,DF,Joe Scally,2002-12-31,23,26,0,Borussia Mönchengladbach,Germany
United States,24,GK,Matt Freese,1998-09-02,27,15,0,New York City FC,United States
United States,25,GK,Chris Brady,2004-03-03,22,1,0,Chicago Fire FC,United States
United States,26,FW,Alejandro Zendejas,1998-02-07,28,14,2,América,Mexico
Curaçao,1,GK,Eloy Room,1989-02-06,37,71,0,Miami FC,United States
Curaçao,2,DF,Shurandy Sambo,2001-08-19,24,8,0,Sparta Rotterdam,Netherlands
Curaçao,3,DF,Juriën Gaari,1993-12-23,32,60,1,Abha,Saudi Arabia
Curaçao,4,DF,Roshon van Eijma,1998-06-09,28,28,1,RKC Waalwijk,Netherlands
Curaçao,5,DF,Sherel Floranus,1998-08-23,27,28,0,PEC Zwolle,Netherlands
Curaçao,6,MF,Godfried Roemeratoe,1999-08-19,26,28,1,RKC Waalwijk,Netherlands
Curaçao,7,MF,Juninho Bacuna,1997-08-07,28,49,15,Volendam,Netherlands
Curaçao,8,MF,Livano Comenencia,2004-02-03,22,20,2,Zürich,Switzerland
Curaçao,9,FW,Jürgen Locadia,1993-11-07,32,13,1,Miami FC,United States
Curaçao,10,MF,Leandro Bacuna (captain),1991-08-21,34,72,16,Iğdır,Turkey
Curaçao,11,FW,Jeremy Antonisse,2002-03-29,24,27,4,Kifisia,Greece
Curaçao,12,FW,Sontje Hansen,2002-05-18,24,6,1,Middlesbrough,England
Curaçao,13,FW,Tyrese Noslin,2002-09-11,23,7,1,Telstar,Netherlands
Curaçao,14,FW,Kenji Gorré,1994-09-29,31,38,6,Maccabi Haifa,Israel
Curaçao,15,MF,Ar'jany Martha,2003-09-04,22,9,2,Rotherham United,England
Curaçao,16,FW,Jearl Margaritha,2000-04-10,26,22,5,Beveren,Belgium
Curaçao,17,FW,Brandley Kuwas,1992-09-19,33,35,2,Volendam,Netherlands
Curaçao,18,DF,Armando Obispo,1999-03-05,27,6,0,PSV Eindhoven,Netherlands
Curaçao,19,FW,Gervane Kastaneer,1996-06-09,30,29,9,Terengganu,Malaysia
Curaçao,20,DF,Joshua Brenet,1994-03-20,32,18,2,Kayserispor,Turkey
Curaçao,21,MF,Tahith Chong,1999-12-04,26,6,3,Sheffield United,England
Curaçao,22,MF,Kevin Felida,1999-11-11,26,19,1,Den Bosch,Netherlands
Curaçao,23,DF,Riechedly Bazoer,1996-10-12,29,5,0,Konyaspor,Turkey
Curaçao,24,DF,Deveron Fonville,2003-05-16,23,2,0,NEC,Netherlands
Curaçao,25,GK,Tyrick Bodak,2002-05-15,24,4,0,Telstar,Netherlands
Curaçao,26,GK,Trevor Doornbusch,1999-07-06,26,8,0,VVV-Venlo,Netherlands
Ecuador,1,GK,Hernán Galíndez,1987-03-30,39,35,0,Huracán,Argentina
Ecuador,2,DF,Félix Torres,1997-01-11,29,49,5,Internacional,Brazil
Ecuador,3,DF,Piero Hincapié,2002-01-09,24,52,3,Arsenal,England
Ecuador,4,DF,Joel Ordóñez,2004-04-21,22,17,0,Club Brugge,Belgium
Ecuador,5,MF,Jordy Alcívar,1999-08-05,26,11,1,Independiente del Valle,Ecuador
Ecuador,6,DF,Willian Pacho,2001-10-16,24,34,2,Paris Saint-Germain,France
Ecuador,7,DF,Pervis Estupiñán,1998-01-21,28,54,5,Milan,Italy
Ecuador,8,MF,Anthony Valencia,2003-07-21,22,3,1,Antwerp,Belgium
Ecuador,9,FW,John Yeboah,2000-06-23,25,23,3,Venezia,Italy
Ecuador,10,MF,Kendry Páez,2007-05-04,19,26,2,River Plate,Argentina
Ecuador,11,FW,Kevin Rodríguez,2000-03-04,26,31,2,Union Saint-Gilloise,Belgium
Ecuador,12,GK,Moisés Ramírez,2000-09-09,25,7,0,Kifisia,Greece
Ecuador,13,FW,Enner Valencia (captain),1989-11-04,36,105,49,Pachuca,Mexico
Ecuador,14,MF,Alan Minda,2003-05-14,23,20,2,Atlético Mineiro,Brazil
Ecuador,15,MF,Pedro Vite,2002-03-09,24,17,1,UNAM,Mexico
Ecuador,16,FW,Jordy Caicedo,1997-11-18,28,20,4,Huracán,Argentina
Ecuador,17,DF,Ángelo Preciado,1998-02-18,28,55,0,Atlético Mineiro,Brazil
Ecuador,18,MF,Denil Castillo,2004-03-24,22,5,0,Midtjylland,Denmark
Ecuador,19,FW,Gonzalo Plata,2000-11-01,25,50,8,Flamengo,Brazil
Ecuador,20,FW,Nilson Angulo,2003-06-19,22,14,2,Sunderland,England
Ecuador,21,MF,Alan Franco,1998-08-21,27,58,1,Atlético Mineiro,Brazil
Ecuador,22,GK,Gonzalo Valle,1996-02-28,30,4,0,LDU Quito,Ecuador
Ecuador,23,MF,Moisés Caicedo,2001-11-02,24,61,3,Chelsea,England
Ecuador,24,FW,Jeremy Arévalo,2005-03-19,21,4,0,VfB Stuttgart,Germany
Ecuador,25,DF,Jackson Porozo,2000-08-04,25,10,1,Tijuana,Mexico
Ecuador,26,DF,Yaimar Medina,2004-11-05,21,6,0,Genk,Belgium
Germany,1,GK,Manuel Neuer,1986-03-27,40,124,0,Bayern Munich,Germany
Germany,2,DF,Antonio Rüdiger,1993-03-03,33,82,3,Real Madrid,Spain
Germany,3,DF,Waldemar Anton,1996-07-20,29,13,0,Borussia Dortmund,Germany
Germany,4,DF,Jonathan Tah,1996-02-11,30,47,1,Bayern Munich,Germany
Germany,5,MF,Aleksandar Pavlović,2004-05-03,22,11,1,Bayern Munich,Germany
Germany,6,DF,Joshua Kimmich (captain),1995-02-08,31,110,10,Bayern Munich,Germany
Germany,7,FW,Kai Havertz,1999-06-11,27,58,22,Arsenal,England
Germany,8,MF,Leon Goretzka,1995-02-06,31,70,15,Bayern Munich,Germany
Germany,9,MF,Jamie Leweling,2001-02-26,25,5,1,VfB Stuttgart,Germany
Germany,10,MF,Jamal Musiala,2003-02-26,23,42,9,Bayern Munich,Germany
Germany,11,FW,Nick Woltemade,2002-02-14,24,11,4,Newcastle United,England
Germany,12,GK,Oliver Baumann,1990-06-02,36,13,0,TSG Hoffenheim,Germany
Germany,13,MF,Pascal Groß,1991-06-15,34,18,1,Brighton & Hove Albion,England
Germany,14,FW,Maximilian Beier,2002-10-17,23,9,0,Borussia Dortmund,Germany
Germany,15,DF,Nico Schlotterbeck,1999-12-01,26,27,0,Borussia Dortmund,Germany
Germany,16,MF,Angelo Stiller,2001-04-04,25,8,0,VfB Stuttgart,Germany
Germany,17,MF,Florian Wirtz,2003-05-03,23,41,11,Liverpool,England
Germany,18,DF,Nathaniel Brown,2003-06-16,22,5,0,Eintracht Frankfurt,Germany
Germany,19,MF,Leroy Sané,1996-01-11,30,76,17,Galatasaray,Turkey
Germany,20,MF,Nadiem Amiri,1996-10-27,29,11,1,Mainz 05,Germany
Germany,21,GK,Alexander Nübel,1996-09-30,29,3,0,VfB Stuttgart,Germany
Germany,22,DF,David Raum,1998-04-22,28,37,1,RB Leipzig,Germany
Germany,23,MF,Felix Nmecha,2000-10-10,25,8,1,Borussia Dortmund,Germany
Germany,24,DF,Malick Thiaw,2001-08-08,24,5,0,Newcastle United,England
Germany,25,MF,Assan Ouédraogo,2006-05-09,20,1,1,RB Leipzig,Germany
Germany,26,FW,Deniz Undav,1996-07-19,29,9,6,VfB Stuttgart,Germany
Ivory Coast,1,GK,Yahia Fofana,2000-08-21,25,35,0,Çaykur Rizespor,Turkey
Ivory Coast,2,DF,Ousmane Diomande,2003-12-04,22,15,1,Sporting CP,Portugal
Ivory Coast,3,DF,Ghislain Konan,1995-12-27,30,54,0,Gil Vicente,Portugal
Ivory Coast,4,MF,Jean Michaël Seri,1991-07-19,34,65,4,Maribor,Slovenia
Ivory Coast,5,DF,Wilfried Singo,2000-12-25,25,34,1,Galatasaray,Turkey
Ivory Coast,6,MF,Seko Fofana,1995-05-07,31,32,7,Porto,Portugal
Ivory Coast,7,DF,Odilon Kossounou,2001-01-04,25,35,0,Atalanta,Italy
Ivory Coast,8,MF,Franck Kessié (captain),1996-12-19,29,103,15,Al-Ahli,Saudi Arabia
Ivory Coast,9,FW,Ange-Yoan Bonny,2003-10-25,22,1,0,Inter Milan,Italy
Ivory Coast,10,FW,Simon Adingra,2002-01-01,24,29,5,Monaco,France
Ivory Coast,11,FW,Yan Diomande,2006-11-14,19,10,3,RB Leipzig,Germany
Ivory Coast,12,FW,Elye Wahi,2003-01-02,23,2,0,Nice,France
Ivory Coast,13,DF,Christopher Opéri,1997-04-29,29,12,0,İstanbul Başakşehir,Turkey
Ivory Coast,14,FW,Oumar Diakité,2003-12-20,22,29,6,Cercle Brugge,Belgium
Ivory Coast,15,FW,Amad Diallo,2002-07-11,23,19,6,Manchester United,England
Ivory Coast,16,GK,Mohamed Koné,2002-03-07,24,0,0,Charleroi,Belgium
Ivory Coast,17,DF,Guéla Doué,2002-10-17,23,20,3,Strasbourg,France
Ivory Coast,18,MF,Ibrahim Sangaré,1997-12-02,28,58,12,Nottingham Forest,England
Ivory Coast,19,FW,Nicolas Pépé,1995-05-29,31,55,12,Villarreal,Spain
Ivory Coast,20,DF,Emmanuel Agbadou,1997-06-17,28,20,2,Beşiktaş,Turkey
Ivory Coast,21,DF,Evan Ndicka,1999-08-20,26,28,0,Roma,Italy
Ivory Coast,22,FW,Evann Guessand,2001-07-01,24,21,4,Crystal Palace,England
Ivory Coast,23,GK,Alban Lafont,1999-01-23,27,4,0,Panathinaikos,Greece
Ivory Coast,24,FW,Bazoumana Touré,2006-03-02,20,6,2,TSG Hoffenheim,Germany
Ivory Coast,25,MF,Parfait Guiagon,2001-02-22,25,5,0,Charleroi,Belgium
Ivory Coast,26,MF,Christ Inao Oulaï,2006-04-06,20,9,0,Trabzonspor,Turkey
Japan,1,GK,Zion Suzuki,2002-08-21,23,24,0,Parma,Italy
Japan,2,DF,Yukinari Sugawara,2000-06-28,25,21,2,Werder Bremen,Germany
Japan,3,DF,Shōgo Taniguchi,1991-07-15,34,38,1,Sint-Truiden,Belgium
Japan,4,DF,Kō Itakura,1997-01-27,29,40,2,Ajax,Netherlands
Japan,5,DF,Yūto Nagatomo,1986-09-12,39,145,4,FC Tokyo,Japan
Japan,6,MF,Wataru Endo (captain),1993-02-09,33,73,4,Liverpool,England
Japan,7,MF,Ao Tanaka,1998-09-10,27,38,8,Leeds United,England
Japan,8,MF,Takefusa Kubo,2001-06-04,25,49,7,Real Sociedad,Spain
Japan,9,FW,Keisuke Gotō,2005-06-03,21,4,0,Sint-Truiden,Belgium
Japan,10,MF,Ritsu Dōan,1998-06-16,27,65,11,Eintracht Frankfurt,Germany
Japan,11,MF,Daizen Maeda,1997-10-20,28,27,4,Celtic,Scotland
Japan,12,GK,Keisuke Ōsako,1999-07-28,26,11,0,Sanfrecce Hiroshima,Japan
Japan,13,MF,Keito Nakamura,2000-07-28,25,25,10,Reims,France
Japan,14,MF,Junya Itō,1993-03-09,33,69,15,Genk,Belgium
Japan,15,MF,Daichi Kamada,1996-08-05,29,49,12,Crystal Palace,England
Japan,16,DF,Tsuyoshi Watanabe,1997-02-05,29,11,0,Feyenoord,Netherlands
Japan,17,MF,Yuito Suzuki,2001-10-25,24,6,0,SC Freiburg,Germany
Japan,18,FW,Ayase Ueda,1998-08-28,27,39,16,Feyenoord,Netherlands
Japan,19,FW,Kōki Ogawa,1997-08-08,28,15,11,NEC,Netherlands
Japan,20,DF,Ayumu Seko,2000-06-07,26,14,0,Le Havre,France
Japan,21,DF,Hiroki Itō,1999-05-12,27,24,1,Bayern Munich,Germany
Japan,22,DF,Takehiro Tomiyasu,1998-11-05,27,43,1,Ajax,Netherlands
Japan,23,GK,Tomoki Hayakawa,1999-03-03,27,4,0,Kashima Antlers,Japan
Japan,24,MF,Kaishū Sano,2000-12-30,25,13,0,Mainz 05,Germany
Japan,25,DF,Junnosuke Suzuki,2003-07-12,22,6,0,Copenhagen,Denmark
Japan,26,FW,Kento Shiogai,2005-03-26,21,2,0,VfL Wolfsburg,Germany
Netherlands,1,GK,Bart Verbruggen,2002-08-18,23,29,0,Brighton & Hove Albion,England
Netherlands,2,DF,Lutsharel Geertruida,2000-07-18,25,21,0,Sunderland,England
Netherlands,3,MF,Marten de Roon,1991-03-29,35,43,1,Atalanta,Italy
Netherlands,4,DF,Virgil van Dijk (captain),1991-07-08,34,92,12,Liverpool,England
Netherlands,5,DF,Nathan Aké,1995-02-18,31,59,5,Manchester City,England
Netherlands,6,DF,Jan Paul van Hecke,2000-06-08,26,12,0,Brighton & Hove Albion,England
Netherlands,7,MF,Justin Kluivert,1999-05-05,27,12,0,Bournemouth,England
Netherlands,8,MF,Ryan Gravenberch,2002-05-16,24,27,1,Liverpool,England
Netherlands,9,FW,Wout Weghorst,1992-08-07,33,52,14,Ajax,Netherlands
Netherlands,10,FW,Memphis Depay,1994-02-13,32,109,55,Corinthians,Brazil
Netherlands,11,FW,Cody Gakpo,1999-05-07,27,50,21,Liverpool,England
Netherlands,12,DF,Mats Wieffer,1999-11-16,26,15,1,Brighton & Hove Albion,England
Netherlands,13,GK,Robin Roefs,2003-01-17,23,1,0,Sunderland,England
Netherlands,14,MF,Tijjani Reijnders,1998-07-29,27,32,7,Manchester City,England
Netherlands,15,DF,Micky van de Ven,2001-04-19,25,21,1,Tottenham Hotspur,England
Netherlands,16,MF,Guus Til,1997-12-22,28,7,1,PSV Eindhoven,Netherlands
Netherlands,17,FW,Noa Lang,1999-06-17,26,15,3,Galatasaray,Turkey
Netherlands,18,FW,Donyell Malen,1999-01-19,27,53,13,Roma,Italy
Netherlands,19,FW,Brian Brobbey,2002-02-01,24,12,1,Sunderland,England
Netherlands,20,MF,Teun Koopmeiners,1998-02-28,28,28,3,Juventus,Italy
Netherlands,21,MF,Frenkie de Jong,1997-05-12,29,66,2,Barcelona,Spain
Netherlands,22,DF,Denzel Dumfries,1996-04-18,30,72,11,Inter Milan,Italy
Netherlands,23,GK,Mark Flekken,1993-06-13,32,12,0,Bayer Leverkusen,Germany
Netherlands,24,FW,Crysencio Summerville,2001-10-30,24,2,0,West Ham United,England
Netherlands,25,DF,Jorrel Hato,2006-03-07,20,8,0,Chelsea,England
Netherlands,26,MF,Quinten Timber,2001-06-17,24,11,1,Marseille,France
Sweden,1,GK,Jacob Widell Zetterström,1998-07-11,27,3,0,Derby County,England
Sweden,2,DF,Gustaf Lagerbielke,2000-04-10,26,11,2,Braga,Portugal
Sweden,3,DF,Victor Lindelöf (captain),1994-07-17,31,76,3,Aston Villa,England
Sweden,4,DF,Isak Hien,1999-01-13,27,29,0,Atalanta,Italy
Sweden,5,DF,Gabriel Gudmundsson,1999-04-29,27,24,0,Leeds United,England
Sweden,6,DF,Herman Johansson,1997-10-16,28,3,0,FC Dallas,United States
Sweden,7,MF,Lucas Bergvall,2006-02-02,20,10,0,Tottenham Hotspur,England
Sweden,8,DF,Daniel Svensson,2002-02-12,24,13,0,Borussia Dortmund,Germany
Sweden,9,FW,Alexander Isak,1999-09-21,26,58,17,Liverpool,England
Sweden,10,MF,Benjamin Nygren,2001-07-08,24,11,3,Celtic,Scotland
Sweden,11,FW,Anthony Elanga,2002-04-27,24,30,6,Newcastle United,England
Sweden,12,GK,Viktor Johansson,1998-09-14,27,12,0,Stoke City,England
Sweden,13,MF,Ken Sema,1993-09-30,32,33,5,Pafos,Cyprus
Sweden,14,DF,Hjalmar Ekdal,1998-10-21,27,13,0,Burnley,England
Sweden,15,DF,Carl Starfelt,1995-06-01,31,18,0,Celta Vigo,Spain
Sweden,16,MF,Jesper Karlström,1995-06-21,30,25,0,Udinese,Italy
Sweden,17,FW,Viktor Gyökeres,1998-06-04,28,33,20,Arsenal,England
Sweden,18,MF,Yasin Ayari,2003-10-06,22,21,3,Brighton & Hove Albion,England
Sweden,19,MF,Mattias Svanberg,1999-01-05,27,41,2,VfL Wolfsburg,Germany
Sweden,20,DF,Eric Smith,1997-01-08,29,2,0,FC St. Pauli,Germany
Sweden,21,DF,Alexander Bernhardsson,1998-09-08,27,11,0,Holstein Kiel,Germany
Sweden,22,MF,Besfort Zeneli,2002-11-21,23,8,0,Union Saint-Gilloise,Belgium
Sweden,23,GK,Kristoffer Nordfeldt,1989-06-23,36,21,0,AIK,Sweden
Sweden,24,DF,Elliot Stroud,2002-06-22,23,1,0,Mjällby AIF,Sweden
Sweden,25,FW,Gustaf Nilsson,1997-05-23,29,10,4,Club Brugge,Belgium
Sweden,26,FW,Taha Ali,1998-07-01,27,2,0,Malmö FF,Sweden
Tunisia,1,GK,Mouhib Chamakh,2001-08-25,24,2,0,Club Africain,Tunisia
Tunisia,2,DF,Ali Abdi,1993-12-20,32,46,7,Nice,France
Tunisia,3,DF,Montassar Talbi,1998-05-26,28,64,4,Lorient,France
Tunisia,4,DF,Omar Rekik,2001-12-20,24,6,0,Maribor,Slovenia
Tunisia,5,DF,Adem Arous,2004-07-17,21,2,0,Kasımpaşa,Turkey
Tunisia,6,DF,Dylan Bronn,1995-06-19,30,52,2,Servette,Switzerland
Tunisia,7,FW,Elias Achouri,1999-02-10,27,30,4,Copenhagen,Denmark
Tunisia,8,FW,Elias Saad,1999-12-27,26,15,4,Hannover 96,Germany
Tunisia,9,FW,Hazem Mastouri,1997-06-18,28,19,4,Dynamo Makhachkala,Russia
Tunisia,10,MF,Hannibal Mejbri,2003-01-21,23,45,1,Burnley,England
Tunisia,11,MF,Ismaël Gharbi,2004-04-10,22,17,2,FC Augsburg,Germany
Tunisia,12,DF,Mortadha Ben Ouanes,1994-07-02,31,18,0,Kasımpaşa,Turkey
Tunisia,13,MF,Rani Khedira,1994-01-27,32,3,0,Union Berlin,Germany
Tunisia,14,MF,Khalil Ayari,2005-02-02,21,4,0,Paris Saint-Germain,France
Tunisia,15,MF,Hadj Mahmoud,2000-04-24,26,9,0,Lugano,Switzerland
Tunisia,16,GK,Aymen Dahmen,1997-01-28,29,37,0,CS Sfaxien,Tunisia
Tunisia,17,MF,Ellyes Skhiri (captain),1995-05-10,31,83,4,Eintracht Frankfurt,Germany
Tunisia,18,FW,Rayan Elloumi,2007-09-17,18,4,0,Vancouver Whitecaps FC,Canada
Tunisia,19,FW,Firas Chaouat,1996-05-08,30,30,6,Club Africain,Tunisia
Tunisia,20,DF,Yan Valery,1999-02-22,27,22,0,Young Boys,Switzerland
Tunisia,21,DF,Mohamed Amine Ben Hamida,1995-12-15,30,13,0,Espérance de Tunis,Tunisia
Tunisia,22,GK,Sabri Ben Hessen,1996-06-13,29,2,0,Étoile du Sahel,Tunisia
Tunisia,23,DF,Moutaz Neffati,2004-09-04,21,5,0,IFK Norrköping,Sweden
Tunisia,24,DF,Raed Chikhaoui,2004-06-09,22,0,0,US Monastir,Tunisia
Tunisia,25,MF,Anis Ben Slimane,2001-03-16,25,41,4,Norwich City,England
Tunisia,26,MF,Sebastian Tounekti,2002-07-13,23,12,1,Celtic,Scotland
Belgium,1,GK,Thibaut Courtois,1992-05-11,34,109,0,Real Madrid,Spain
Belgium,2,DF,Zeno Debast,2003-10-24,22,26,1,Sporting CP,Portugal
Belgium,3,DF,Arthur Theate,2000-05-25,26,33,1,Eintracht Frankfurt,Germany
Belgium,4,DF,Brandon Mechele,1993-01-28,33,9,1,Club Brugge,Belgium
Belgium,5,DF,Maxim De Cuyper,2000-12-22,25,19,4,Brighton & Hove Albion,England
Belgium,6,MF,Axel Witsel,1989-01-12,37,138,12,Girona,Spain
Belgium,7,MF,Kevin De Bruyne,1991-06-28,34,119,37,Napoli,Italy
Belgium,8,MF,Youri Tielemans (captain),1997-05-07,29,85,13,Aston Villa,England
Belgium,9,FW,Romelu Lukaku,1993-05-13,33,126,90,Napoli,Italy
Belgium,10,FW,Leandro Trossard,1994-12-04,31,51,12,Arsenal,England
Belgium,11,FW,Jérémy Doku,2002-05-27,24,43,7,Manchester City,England
Belgium,12,GK,Senne Lammens,2002-07-07,23,2,0,Manchester United,England
Belgium,13,GK,Mike Penders,2005-07-31,20,0,0,Strasbourg,France
Belgium,14,FW,Dodi Lukébakio,1997-09-24,28,30,6,Benfica,Portugal
Belgium,15,DF,Thomas Meunier,1991-09-12,34,80,10,Lille,France
Belgium,16,DF,Koni De Winter,2002-06-12,23,8,0,Milan,Italy
Belgium,17,FW,Charles De Ketelaere,2001-03-10,25,30,6,Atalanta,Italy
Belgium,18,DF,Joaquin Seys,2005-03-28,21,5,0,Club Brugge,Belgium
Belgium,19,MF,Diego Moreira,2004-08-06,21,3,0,Strasbourg,France
Belgium,20,MF,Hans Vanaken,1992-08-24,33,34,7,Club Brugge,Belgium
Belgium,21,DF,Timothy Castagne,1995-12-05,30,63,2,Fulham,England
Belgium,22,MF,Alexis Saelemaekers,1999-06-27,26,24,2,Milan,Italy
Belgium,23,MF,Nicolas Raskin,2001-02-23,25,13,2,Rangers,Scotland
Belgium,24,MF,Amadou Onana,2001-08-16,24,29,1,Aston Villa,England
Belgium,25,DF,Nathan Ngoy,2003-06-10,23,4,0,Lille,France
Belgium,26,FW,Matias Fernandez-Pardo,2005-02-03,21,2,0,Lille,France
Egypt,1,GK,Mohamed El Shenawy,1988-12-18,37,76,0,Al Ahly,Egypt
Egypt,2,DF,Yasser Ibrahim,1993-02-10,33,17,1,Al Ahly,Egypt
Egypt,3,DF,Mohamed Hany,1996-02-02,30,42,0,Al Ahly,Egypt
Egypt,4,DF,Hossam Abdelmaguid,2001-04-30,25,13,0,Zamalek,Egypt
Egypt,5,DF,Ramy Rabia,1993-05-20,33,44,5,Al Ain,United Arab Emirates
Egypt,6,DF,Mohamed Abdelmonem,1999-02-01,27,36,3,Nice,France
Egypt,7,FW,Trézéguet,1994-10-01,31,96,23,Al Ahly,Egypt
Egypt,8,MF,Emam Ashour,1998-02-20,28,29,0,Al Ahly,Egypt
Egypt,9,FW,Hamza Abdelkarim,2008-01-01,18,2,0,Barcelona B,Spain
Egypt,10,FW,Mohamed Salah (captain),1992-06-15,33,116,67,Liverpool,England
Egypt,11,MF,Mostafa Ziko,1997-04-27,29,2,2,Pyramids,Egypt
Egypt,12,FW,Haissem Hassan,2002-02-08,24,4,0,Oviedo,Spain
Egypt,13,DF,Ahmed Fatouh,1998-03-22,28,39,1,Zamalek,Egypt
Egypt,14,MF,Hamdy Fathy,1994-09-29,31,63,3,Al-Wakrah,Qatar
Egypt,15,DF,Karim Hafez,1996-03-12,30,9,0,Pyramids,Egypt
Egypt,16,GK,El Mahdy Soliman,1987-06-08,39,0,0,Zamalek,Egypt
Egypt,17,MF,Mohanad Lasheen,1996-05-29,30,23,0,Pyramids,Egypt
Egypt,18,MF,Nabil Emad,1996-04-06,30,12,0,Al-Najma,Saudi Arabia
Egypt,19,MF,Marwan Attia,1998-08-01,27,34,1,Al Ahly,Egypt
Egypt,20,FW,Ibrahim Adel,2001-04-23,25,24,3,Nordsjælland,Denmark
Egypt,21,MF,Mahmoud Saber,2001-07-30,24,15,1,ZED,Egypt
Egypt,22,FW,Omar Marmoush,1999-02-07,27,49,11,Manchester City,England
Egypt,23,GK,Mostafa Shobeir,2000-05-15,26,9,0,Al Ahly,Egypt
Egypt,24,DF,Tarek Alaa,2002-01-05,24,3,0,ZED,Egypt
Egypt,25,FW,Zizo,1996-01-10,30,63,5,Al Ahly,Egypt
Egypt,26,GK,Mohamed Alaa,1999-01-01,27,0,0,El Gouna,Egypt
Iran,1,GK,Alireza Beiranvand,1992-09-21,33,86,0,Tractor,Iran
Iran,2,DF,Saleh Hardani,1998-12-26,27,18,1,Esteghlal,Iran
Iran,3,DF,Ehsan Hajsafi (captain),1990-02-25,36,146,7,Sepahan,Iran
Iran,4,DF,Shojae Khalilzadeh,1989-05-14,37,58,2,Tractor,Iran
Iran,5,DF,Milad Mohammadi,1993-09-29,32,76,1,Persepolis,Iran
Iran,6,MF,Saeid Ezatolahi,1996-10-01,29,83,2,Shabab Al Ahli,United Arab Emirates
Iran,7,MF,Alireza Jahanbakhsh,1993-08-11,32,98,17,Dender,Belgium
Iran,8,MF,Mohammad Mohebi,1998-12-20,27,36,14,Rostov,Russia
Iran,9,FW,Mehdi Taremi,1992-07-18,33,105,60,Olympiacos,Greece
Iran,10,FW,Mehdi Ghayedi,1998-12-05,27,30,10,Al Nasr,United Arab Emirates
Iran,11,FW,Ali Alipour,1995-11-11,30,14,1,Persepolis,Iran
Iran,12,GK,Payam Niazmand,1995-04-06,31,15,0,Persepolis,Iran
Iran,13,DF,Hossein Kanaanizadegan,1994-03-23,32,65,6,Persepolis,Iran
Iran,14,MF,Saman Ghoddos,1993-09-06,32,68,3,Kalba,United Arab Emirates
Iran,15,MF,Rouzbeh Cheshmi,1993-07-24,32,40,3,Esteghlal,Iran
Iran,16,MF,Mehdi Torabi,1994-09-10,31,52,7,Tractor,Iran
Iran,17,DF,Aria Yousefi,2002-04-22,24,14,1,Sepahan,Iran
Iran,18,FW,Amirhossein Hosseinzadeh,2000-10-30,25,18,5,Tractor,Iran
Iran,19,DF,Ali Nemati,1996-02-08,30,17,0,Foolad,Iran
Iran,20,FW,Shahriyar Moghanlou,1994-12-21,31,21,2,Kalba,United Arab Emirates
Iran,21,MF,Mohammad Ghorbani,2001-10-07,24,16,0,Al Wahda,United Arab Emirates
Iran,22,GK,Hossein Hosseini,1992-06-30,33,13,0,Sepahan,Iran
Iran,23,DF,Ramin Rezaeian,1990-03-21,36,74,8,Foolad,Iran
Iran,24,FW,Dennis Eckert,1997-01-09,29,0,0,Standard Liège,Belgium
Iran,25,DF,Danial Eiri,2003-10-26,22,0,0,Malavan,Iran
Iran,26,MF,Amirmohammad Razzaghinia,2006-04-11,20,4,0,Esteghlal,Iran
New Zealand,1,GK,Max Crocombe,1993-08-12,32,24,0,Millwall,England
New Zealand,2,DF,Tim Payne,1994-01-10,32,51,3,Wellington Phoenix,New Zealand
New Zealand,3,DF,Francis de Vries,1994-11-28,31,20,1,Auckland FC,New Zealand
New Zealand,4,DF,Tyler Bindon,2005-01-27,21,25,3,Sheffield United,England
New Zealand,5,DF,Michael Boxall,1988-08-18,37,63,1,Minnesota United FC,United States
New Zealand,6,MF,Joe Bell,1999-04-27,27,32,1,Viking,Norway
New Zealand,7,MF,Matthew Garbett,2002-04-13,24,37,5,Peterborough United,England
New Zealand,8,MF,Marko Stamenić,2002-02-19,24,39,3,Swansea City,Wales
New Zealand,9,FW,Chris Wood (captain),1991-12-07,34,90,45,Nottingham Forest,England
New Zealand,10,MF,Sarpreet Singh,1999-02-20,27,28,3,Wellington Phoenix,New Zealand
New Zealand,11,MF,Elijah Just,2000-05-01,26,44,9,Motherwell,Scotland
New Zealand,12,GK,Alex Paulsen,2002-07-04,23,8,0,Lechia Gdańsk,Poland
New Zealand,13,DF,Liberato Cacace,2000-09-27,25,37,1,Wrexham,Wales
New Zealand,14,MF,Alex Rufer,1996-06-12,29,26,0,Wellington Phoenix,New Zealand
New Zealand,15,DF,Nando Pijnaker,1999-02-25,27,25,0,Auckland FC,New Zealand
New Zealand,16,DF,Finn Surman,2003-09-23,22,19,2,Portland Timbers,United States
New Zealand,17,FW,Kosta Barbarouses,1990-02-19,36,76,10,Western Sydney Wanderers,Australia
New Zealand,18,FW,Ben Waine,2001-06-11,25,31,9,Port Vale,England
New Zealand,19,MF,Ben Old,2002-08-13,23,24,2,Saint-Étienne,France
New Zealand,20,MF,Callum McCowatt,1999-04-30,27,32,4,Silkeborg,Denmark
New Zealand,21,FW,Jesse Randall,2002-08-19,23,11,2,Auckland FC,New Zealand
New Zealand,22,GK,Michael Woud,1999-01-16,27,6,0,Auckland FC,New Zealand
New Zealand,23,MF,Ryan Thomas,1994-12-20,31,25,3,PEC Zwolle,Netherlands
New Zealand,24,DF,Callan Elliot,1999-07-07,26,11,0,Auckland FC,New Zealand
New Zealand,25,MF,Lachlan Bayliss,2002-07-24,23,4,0,Newcastle Jets,Australia
New Zealand,26,DF,Tommy Smith,1990-03-31,36,56,2,Braintree Town,England
Cape Verde,1,GK,Vozinha,1986-06-03,40,86,0,Chaves,Portugal
Cape Verde,2,DF,Stopira,1988-05-20,38,62,4,Torreense,Portugal
Cape Verde,3,DF,Diney,1995-01-17,31,30,2,Al Bataeh,United Arab Emirates
Cape Verde,4,DF,Roberto Lopes,1992-06-17,33,45,0,Shamrock Rovers,Ireland
Cape Verde,5,DF,Logan Costa,2001-04-01,25,28,0,Villarreal,Spain
Cape Verde,6,MF,Kevin Pina,1997-01-27,29,31,3,Krasnodar,Russia
Cape Verde,7,MF,Jovane Cabral,1998-06-14,27,27,2,Estrela Amadora,Portugal
Cape Verde,8,MF,João Paulo,1998-05-26,28,42,1,FCSB,Romania
Cape Verde,9,FW,Gilson Benchimol,2001-12-29,24,22,6,Akron Tolyatti,Russia
Cape Verde,10,MF,Jamiro Monteiro,1993-11-23,32,55,5,PEC Zwolle,Netherlands
Cape Verde,11,MF,Garry Rodrigues,1990-11-27,35,60,10,Apollon Limassol,Cyprus
Cape Verde,12,GK,Márcio Rosa,1997-02-23,29,11,0,Montana,Bulgaria
Cape Verde,13,DF,Sidny Lopes Cabral,2002-09-18,23,9,3,Benfica,Portugal
Cape Verde,14,MF,Deroy Duarte,1999-07-04,26,30,0,Ludogorets Razgrad,Bulgaria
Cape Verde,15,MF,Laros Duarte,1997-02-28,29,13,1,Puskás Akadémia,Hungary
Cape Verde,16,MF,Yannick Semedo,1995-12-29,30,10,1,Farense,Portugal
Cape Verde,17,MF,Willy Semedo,1994-04-27,32,38,3,Omonia,Cyprus
Cape Verde,18,MF,Telmo Arcanjo,2001-06-21,24,16,1,Vitória de Guimarães,Portugal
Cape Verde,19,FW,Dailon Livramento,2001-05-04,25,22,7,Casa Pia,Portugal
Cape Verde,20,FW,Ryan Mendes (captain),1990-01-08,36,98,22,Iğdır,Turkey
Cape Verde,21,MF,Nuno da Costa,1991-02-10,35,9,2,İstanbul Başakşehir,Turkey
Cape Verde,22,DF,Steven Moreira,1994-08-13,31,20,0,Columbus Crew,United States
Cape Verde,23,GK,CJ dos Santos,2000-08-24,25,1,0,San Diego FC,United States
Cape Verde,24,DF,Wagner Pina,2002-11-03,23,13,0,Trabzonspor,Turkey
Cape Verde,25,DF,Kelvin Pires,2000-06-05,26,5,1,SJK,Finland
Cape Verde,26,MF,Hélio Varela,2002-05-03,24,20,0,Maccabi Tel Aviv,Israel
Saudi Arabia,1,GK,Nawaf Al-Aqidi,2000-05-10,26,22,0,Al-Nassr,Saudi Arabia
Saudi Arabia,2,DF,Ali Majrashi,1999-10-02,26,21,0,Al-Ahli,Saudi Arabia
Saudi Arabia,3,DF,Ali Lajami,1996-04-24,30,22,1,Al-Hilal,Saudi Arabia
Saudi Arabia,4,DF,Abdulelah Al-Amri,1997-01-15,29,43,1,Al-Nassr,Saudi Arabia
Saudi Arabia,5,DF,Hassan Al-Tambakti,1999-02-09,27,52,1,Al-Hilal,Saudi Arabia
Saudi Arabia,6,MF,Nasser Al-Dawsari,1998-12-19,27,44,0,Al-Hilal,Saudi Arabia
Saudi Arabia,7,MF,Musab Al-Juwayr,2003-06-20,22,35,6,Al-Qadsiah,Saudi Arabia
Saudi Arabia,8,FW,Ayman Yahya,2001-05-14,25,27,0,Al-Nassr,Saudi Arabia
Saudi Arabia,9,FW,Firas Al-Buraikan,2000-05-14,26,70,15,Al-Ahli,Saudi Arabia
Saudi Arabia,10,FW,Salem Al-Dawsari (captain),1991-08-19,34,110,27,Al-Hilal,Saudi Arabia
Saudi Arabia,11,FW,Saleh Al-Shehri,1993-11-01,32,55,18,Al-Ittihad,Saudi Arabia
Saudi Arabia,12,DF,Saud Abdulhamid,1999-07-18,26,55,1,Lens,France
Saudi Arabia,13,DF,Nawaf Boushal,1999-09-16,26,25,0,Al-Nassr,Saudi Arabia
Saudi Arabia,14,DF,Hassan Kadesh,1992-09-26,33,21,2,Al-Ittihad,Saudi Arabia
Saudi Arabia,15,MF,Abdullah Al-Khaibari,1996-08-16,29,40,0,Al-Nassr,Saudi Arabia
Saudi Arabia,16,MF,Ziyad Al-Johani,2001-11-11,24,12,0,Al-Ahli,Saudi Arabia
Saudi Arabia,17,FW,Khalid Al-Ghannam,2000-11-08,25,7,0,Al-Ettifaq,Saudi Arabia
Saudi Arabia,18,MF,Alaa Al-Hejji,1995-12-03,30,3,0,Neom,Saudi Arabia
Saudi Arabia,19,FW,Abdullah Al-Hamdan,1999-09-13,26,50,12,Al-Nassr,Saudi Arabia
Saudi Arabia,20,FW,Sultan Mandash,1994-10-17,31,7,2,Al-Hilal,Saudi Arabia
Saudi Arabia,21,GK,Mohammed Al-Owais,1991-10-10,34,64,0,Al-Ula,Saudi Arabia
Saudi Arabia,22,GK,Ahmed Al-Kassar,1991-05-08,35,9,0,Al-Qadsiah,Saudi Arabia
Saudi Arabia,23,MF,Mohamed Kanno,1994-09-22,31,77,8,Al-Hilal,Saudi Arabia
Saudi Arabia,24,DF,Moteb Al-Harbi,2000-02-20,26,13,0,Al-Hilal,Saudi Arabia
Saudi Arabia,25,DF,Jehad Thakri,2001-07-21,24,8,0,Al-Qadsiah,Saudi Arabia
Saudi Arabia,26,DF,Mohammed Abu Al-Shamat,2002-08-11,23,7,0,Al-Qadsiah,Saudi Arabia
Spain,1,GK,David Raya,1995-09-15,30,13,0,Arsenal,England
Spain,2,DF,Marc Pubill,2003-06-20,22,2,0,Atlético Madrid,Spain
Spain,3,DF,Álex Grimaldo,1995-09-20,30,14,0,Bayer Leverkusen,Germany
Spain,4,DF,Eric García,2001-01-09,25,21,0,Barcelona,Spain
Spain,5,DF,Marcos Llorente,1995-01-30,31,24,0,Atlético Madrid,Spain
Spain,6,MF,Mikel Merino,1996-06-22,29,43,10,Arsenal,England
Spain,7,FW,Ferran Torres,2000-02-29,26,57,24,Barcelona,Spain
Spain,8,MF,Fabián Ruiz,1996-04-03,30,42,6,Paris Saint-Germain,France
Spain,9,MF,Gavi,2004-08-05,21,30,5,Barcelona,Spain
Spain,10,FW,Dani Olmo,1998-05-07,28,50,12,Barcelona,Spain
Spain,11,FW,Yéremy Pino,2002-10-20,23,23,4,Crystal Palace,England
Spain,12,DF,Pedro Porro,1999-09-13,26,18,0,Tottenham Hotspur,England
Spain,13,GK,Joan Garcia,2001-05-04,25,2,0,Barcelona,Spain
Spain,14,DF,Aymeric Laporte,1994-05-27,32,46,2,Athletic Bilbao,Spain
Spain,15,MF,Álex Baena,2001-07-20,24,17,2,Atlético Madrid,Spain
Spain,16,MF,Rodri (captain),1996-06-22,29,62,4,Manchester City,England
Spain,17,FW,Nico Williams,2002-07-12,23,30,6,Athletic Bilbao,Spain
Spain,18,MF,Martín Zubimendi,1999-02-02,27,26,3,Arsenal,England
Spain,19,FW,Lamine Yamal,2007-07-13,18,25,6,Barcelona,Spain
Spain,20,MF,Pedri,2002-11-25,23,41,6,Barcelona,Spain
Spain,21,FW,Mikel Oyarzabal,1997-04-21,29,53,25,Real Sociedad,Spain
Spain,22,DF,Pau Cubarsí,2007-01-22,19,12,0,Barcelona,Spain
Spain,23,GK,Unai Simón,1997-06-11,29,58,0,Athletic Bilbao,Spain
Spain,24,DF,Marc Cucurella,1998-07-22,27,24,1,Chelsea,England
Spain,25,FW,Víctor Muñoz,2003-07-13,22,2,1,Osasuna,Spain
Spain,26,FW,Borja Iglesias,1993-01-17,33,8,0,Celta Vigo,Spain
Uruguay,1,GK,Sergio Rochet,1993-03-23,33,35,0,Internacional,Brazil
Uruguay,2,DF,José Giménez (captain),1995-01-20,31,99,8,Atlético Madrid,Spain
Uruguay,3,DF,Sebastián Cáceres,1999-08-18,26,24,0,América,Mexico
Uruguay,4,DF,Ronald Araújo,1999-03-07,27,27,1,Barcelona,Spain
Uruguay,5,MF,Manuel Ugarte,2001-04-11,25,36,1,Manchester United,England
Uruguay,6,MF,Rodrigo Bentancur,1997-06-25,28,74,3,Tottenham Hotspur,England
Uruguay,7,MF,Nicolás de la Cruz,1997-06-01,29,34,5,Flamengo,Brazil
Uruguay,8,MF,Federico Valverde,1998-07-22,27,73,9,Real Madrid,Spain
Uruguay,9,FW,Darwin Núñez,1999-06-24,26,38,13,Al-Hilal,Saudi Arabia
Uruguay,10,MF,Giorgian de Arrascaeta,1994-06-01,32,60,13,Flamengo,Brazil
Uruguay,11,FW,Facundo Pellistri,2001-12-20,24,39,2,Panathinaikos,Greece
Uruguay,12,GK,Santiago Mele,1997-09-06,28,8,0,Monterrey,Mexico
Uruguay,13,DF,Guillermo Varela,1993-03-24,33,28,0,Flamengo,Brazil
Uruguay,14,MF,Agustín Canobbio,1998-10-01,27,15,1,Fluminense,Brazil
Uruguay,15,MF,Emiliano Martínez,1999-08-17,26,10,0,Palmeiras,Brazil
Uruguay,16,DF,Mathías Olivera,1997-10-31,28,35,2,Napoli,Italy
Uruguay,17,DF,Matías Viña,1997-11-09,28,43,1,River Plate,Argentina
Uruguay,18,FW,Brian Rodríguez,2000-05-20,26,32,4,América,Mexico
Uruguay,19,FW,Rodrigo Aguirre,1994-10-01,31,10,3,UANL,Mexico
Uruguay,20,MF,Maximiliano Araújo,2000-02-15,26,28,3,Sporting CP,Portugal
Uruguay,21,FW,Federico Viñas,1998-06-30,27,11,2,Oviedo,Spain
Uruguay,22,MF,Joaquín Piquerez,1998-08-24,27,19,0,Palmeiras,Brazil
Uruguay,23,GK,Fernando Muslera,1986-06-16,39,134,0,Estudiantes,Argentina
Uruguay,24,DF,Santiago Bueno,1998-11-09,27,8,0,Wolverhampton Wanderers,England
Uruguay,25,MF,Juan Manuel Sanabria,2000-03-29,26,5,1,Real Salt Lake,United States
Uruguay,26,MF,Rodrigo Zalazar,1999-08-12,26,8,2,Braga,Portugal
France,1,GK,Brice Samba,1994-04-25,32,4,0,Rennes,France
France,2,DF,Malo Gusto,2003-05-19,23,11,0,Chelsea,England
France,3,DF,Lucas Digne,1993-07-20,32,58,0,Aston Villa,England
France,4,DF,Dayot Upamecano,1998-10-27,27,38,2,Bayern Munich,Germany
France,5,DF,Jules Koundé,1998-11-12,27,48,0,Barcelona,Spain
France,6,MF,Manu Koné,2001-05-17,25,14,0,Roma,Italy
France,7,FW,Ousmane Dembélé,1997-05-15,29,59,7,Paris Saint-Germain,France
France,8,MF,Aurélien Tchouaméni,2000-01-27,26,46,3,Real Madrid,Spain
France,9,FW,Marcus Thuram,1997-08-06,28,34,3,Inter Milan,Italy
France,10,FW,Kylian Mbappé (captain),1998-12-20,27,98,56,Real Madrid,Spain
France,11,FW,Michael Olise,2001-12-12,24,17,7,Bayern Munich,Germany
France,12,FW,Bradley Barcola,2002-09-02,23,20,3,Paris Saint-Germain,France
France,13,MF,N'Golo Kanté,1991-03-29,35,69,2,Fenerbahçe,Turkey
France,14,MF,Adrien Rabiot,1995-04-03,31,59,7,Milan,Italy
France,15,DF,Ibrahima Konaté,1999-05-25,27,28,0,Liverpool,England
France,16,GK,Mike Maignan,1995-07-03,30,40,0,Milan,Italy
France,17,DF,William Saliba,2001-03-24,25,32,0,Arsenal,England
France,18,MF,Warren Zaïre-Emery,2006-03-08,20,11,1,Paris Saint-Germain,France
France,19,DF,Théo Hernandez,1997-10-06,28,44,2,Al-Hilal,Saudi Arabia
France,20,FW,Désiré Doué,2005-06-03,21,7,2,Paris Saint-Germain,France
France,21,DF,Lucas Hernandez,1996-02-14,30,42,0,Paris Saint-Germain,France
France,22,FW,Jean-Philippe Mateta,1997-06-28,28,4,2,Crystal Palace,England
France,23,GK,Robin Risser,2004-12-02,21,0,0,Lens,France
France,24,MF,Rayan Cherki,2003-08-17,22,7,2,Manchester City,England
France,25,MF,Maghnes Akliouche,2002-02-25,24,9,1,Monaco,France
France,26,DF,Maxence Lacroix,2000-04-06,26,4,0,Crystal Palace,England
Iraq,1,GK,Fahad Talib,1994-10-21,31,21,0,Al-Talaba,Iraq
Iraq,2,DF,Rebin Sulaka,1992-04-12,34,56,1,Port,Thailand
Iraq,3,DF,Hussein Ali,2002-03-01,24,27,1,Pogoń Szczecin,Poland
Iraq,4,DF,Zaid Tahseen,2001-01-29,25,28,1,Pakhtakor,Uzbekistan
Iraq,5,DF,Akam Hashim,1998-08-16,27,14,1,Al-Zawraa,Iraq
Iraq,6,DF,Manaf Younis,1996-11-16,29,34,1,Al-Shorta,Iraq
Iraq,7,MF,Youssef Amyn,2003-08-21,22,27,2,AEK Larnaca,Cyprus
Iraq,8,MF,Ibrahim Bayesh,2000-05-01,26,76,8,Al Dhafra,United Arab Emirates
Iraq,9,FW,Ali Al-Hamadi,2002-03-01,24,20,5,Luton Town,England
Iraq,10,FW,Mohanad Ali,2000-06-20,25,72,27,Dibba,United Arab Emirates
Iraq,11,FW,Ahmed Qasem,2003-07-12,22,3,0,Nashville SC,United States
Iraq,12,GK,Jalal Hassan (captain),1991-05-18,35,102,0,Al-Zawraa,Iraq
Iraq,13,FW,Ali Yousif,1996-01-19,30,7,1,Al-Talaba,Iraq
Iraq,14,MF,Zidane Iqbal,2003-04-27,23,25,2,Utrecht,Netherlands
Iraq,15,DF,Ahmed Maknzi,2001-09-24,24,7,0,Al-Karma,Iraq
Iraq,16,MF,Amir Al-Ammari,1997-07-27,28,51,3,Cracovia,Poland
Iraq,17,FW,Ali Jasim,2004-01-20,22,36,2,Al-Najma,Saudi Arabia
Iraq,18,FW,Aymen Hussein,1996-03-22,30,95,33,Al-Karma,Iraq
Iraq,19,MF,Kevin Yakob,2000-10-10,25,9,0,AGF,Denmark
Iraq,20,MF,Aimar Sher,2002-12-20,23,7,0,Sarpsborg 08,Norway
Iraq,21,FW,Marko Farji,2004-03-16,22,12,0,Venezia,Italy
Iraq,22,GK,Ahmed Basil,1996-08-19,29,16,0,Al-Shorta,Iraq
Iraq,23,DF,Merchas Doski,1999-12-07,26,31,1,Viktoria Plzeň,Czech Republic
Iraq,24,MF,Zaid Ismail,2002-01-03,24,6,0,Al-Talaba,Iraq
Iraq,25,DF,Mustafa Saadoon,2001-05-25,25,17,0,Al-Shorta,Iraq
Iraq,26,DF,Frans Putros,1993-07-14,32,28,0,Persib,Indonesia
Norway,1,GK,Ørjan Nyland,1990-09-10,35,71,0,Sevilla,Spain
Norway,2,MF,Morten Thorsby,1996-05-05,30,31,0,Cremonese,Italy
Norway,3,DF,Kristoffer Ajer,1998-04-17,28,52,2,Brentford,England
Norway,4,DF,Leo Østigård,1999-11-28,26,38,1,Genoa,Italy
Norway,5,DF,David Møller Wolfe,2002-04-23,24,22,1,Wolverhampton Wanderers,England
Norway,6,MF,Patrick Berg,1997-11-24,28,43,0,Bodø/Glimt,Norway
Norway,7,FW,Alexander Sørloth,1995-12-05,30,72,26,Atlético Madrid,Spain
Norway,8,MF,Sander Berge,1998-02-14,28,66,1,Fulham,England
Norway,9,FW,Erling Haaland,2000-07-21,25,50,55,Manchester City,England
Norway,10,MF,Martin Ødegaard (captain),1998-12-17,27,68,5,Arsenal,England
Norway,11,FW,Jørgen Strand Larsen,2000-02-06,26,28,6,Crystal Palace,England
Norway,12,GK,Sander Tangvik,2002-11-29,23,0,0,Hamburger SV,Germany
Norway,13,GK,Egil Selvik,1997-07-30,28,7,0,Watford,England
Norway,14,MF,Fredrik Aursnes,1995-12-10,30,22,1,Benfica,Portugal
Norway,15,DF,Fredrik André Bjørkan,1998-08-21,27,21,1,Bodø/Glimt,Norway
Norway,16,DF,Marcus Holmgren Pedersen,2000-07-16,25,32,0,Torino,Italy
Norway,17,DF,Torbjørn Heggem,1999-01-12,27,15,0,Bologna,Italy
Norway,18,MF,Kristian Thorstvedt,1999-03-13,27,37,4,Sassuolo,Italy
Norway,19,MF,Thelo Aasgaard,2002-05-02,24,8,5,Rangers,Scotland
Norway,20,FW,Antonio Nusa,2005-04-17,21,24,8,RB Leipzig,Germany
Norway,21,MF,Andreas Schjelderup,2004-06-01,22,12,1,Benfica,Portugal
Norway,22,MF,Oscar Bobb,2003-07-12,22,20,2,Fulham,England
Norway,23,MF,Jens Petter Hauge,1999-10-12,26,15,1,Bodø/Glimt,Norway
Norway,24,DF,Sondre Langås,2001-02-02,25,3,0,Derby County,England
Norway,25,DF,Henrik Falchener,2003-05-08,23,1,0,Viking,Norway
Norway,26,FW,Julian Ryerson,1997-11-17,28,43,1,Borussia Dortmund,Germany
Senegal,1,GK,Yehvann Diouf,1999-11-16,26,2,0,Nice,France
Senegal,2,DF,Mamadou Sarr,2005-08-29,20,8,0,Chelsea,England
Senegal,3,DF,Kalidou Koulibaly (captain),1991-06-20,34,103,2,Al-Hilal,Saudi Arabia
Senegal,4,DF,Abdoulaye Seck,1992-06-04,34,22,4,Maccabi Haifa,Israel
Senegal,5,MF,Idrissa Gueye,1989-09-26,36,131,7,Everton,England
Senegal,6,MF,Pathé Ciss,1994-03-16,32,30,0,Rayo Vallecano,Spain
Senegal,7,FW,Assane Diao,2005-09-07,20,5,0,Como,Italy
Senegal,8,MF,Lamine Camara,2004-01-01,22,33,7,Monaco,France
Senegal,9,FW,Bamba Dieng,2000-03-23,26,23,2,Lorient,France
Senegal,10,FW,Sadio Mané,1992-04-10,34,128,55,Al-Nassr,Saudi Arabia
Senegal,11,FW,Nicolas Jackson,2001-06-20,24,33,8,Bayern Munich,Germany
Senegal,12,FW,Cherif Ndiaye,1996-01-23,30,19,4,Samsunspor,Turkey
Senegal,13,FW,Iliman Ndiaye,2000-03-06,26,40,4,Everton,England
Senegal,14,DF,Ismail Jakobs,1999-08-17,26,30,0,Galatasaray,Turkey
Senegal,15,DF,Krépin Diatta,1999-02-25,27,61,2,Monaco,France
Senegal,16,GK,Édouard Mendy,1992-03-01,34,57,0,Al-Ahli,Saudi Arabia
Senegal,17,MF,Pape Matar Sarr,2002-09-14,23,40,4,Tottenham Hotspur,England
Senegal,18,FW,Ismaïla Sarr,1998-02-25,28,83,19,Crystal Palace,England
Senegal,19,DF,Moussa Niakhaté,1996-03-08,30,31,0,Lyon,France
Senegal,20,FW,Ibrahim Mbaye,2008-01-24,18,11,3,Paris Saint-Germain,France
Senegal,21,MF,Habib Diarra,2004-01-03,22,21,4,Sunderland,England
Senegal,22,MF,Bara Sapoko Ndiaye,2007-12-31,18,1,0,Bayern Munich,Germany
Senegal,23,GK,Mory Diaw,1993-06-22,32,5,0,Le Havre,France
Senegal,24,DF,Antoine Mendy,2004-05-27,22,7,0,Nice,France
Senegal,25,DF,El Hadji Malick Diouf,2004-12-29,21,20,1,West Ham United,England
Senegal,26,MF,Pape Gueye,1999-01-24,27,41,5,Villarreal,Spain
Algeria,1,GK,Melvin Mastil,2000-02-19,26,1,0,Stade Nyonnais,Switzerland
Algeria,2,DF,Aïssa Mandi,1991-10-22,34,117,7,Lille,France
Algeria,3,DF,Achref Abada,1999-06-15,26,7,1,USM Alger,Algeria
Algeria,4,DF,Mohamed Amine Tougai,2000-01-22,26,29,2,Espérance de Tunis,Tunisia
Algeria,5,DF,Zineddine Belaïd,1999-03-20,27,10,1,JS Kabylie,Algeria
Algeria,6,MF,Ramiz Zerrouki,1998-05-26,28,52,3,Twente,Netherlands
Algeria,7,FW,Riyad Mahrez (captain),1991-02-21,35,114,38,Al-Ahli,Saudi Arabia
Algeria,8,MF,Houssem Aouar,1998-06-30,27,20,6,Al-Ittihad,Saudi Arabia
Algeria,9,FW,Amine Gouiri,2000-02-16,26,22,8,Marseille,France
Algeria,10,MF,Farès Chaïbi,2002-11-28,23,29,3,Eintracht Frankfurt,Germany
Algeria,11,FW,Anis Hadj Moussa,2002-02-11,24,14,1,Feyenoord,Netherlands
Algeria,12,FW,Nadhir Benbouali,2000-04-17,26,3,1,Győri ETO,Hungary
Algeria,13,DF,Jaouen Hadjam,2003-03-26,23,17,3,Young Boys,Switzerland
Algeria,14,MF,Hicham Boudaoui,1999-09-23,26,32,0,Nice,France
Algeria,15,DF,Rayan Aït-Nouri,2001-06-06,25,28,0,Manchester City,England
Algeria,16,GK,Oussama Benbot,1994-10-11,31,2,0,USM Alger,Algeria
Algeria,17,DF,Rafik Belghali,2002-06-07,24,12,1,Hellas Verona,Italy
Algeria,18,FW,Mohamed Amoura,2000-05-09,26,45,19,VfL Wolfsburg,Germany
Algeria,19,MF,Nabil Bentaleb,1994-11-24,31,59,6,Lille,France
Algeria,20,FW,Adil Boulbina,2003-05-02,23,11,6,Al-Duhail,Qatar
Algeria,21,DF,Ramy Bensebaini,1995-04-16,31,81,7,Borussia Dortmund,Germany
Algeria,22,MF,Ibrahim Maza,2005-11-24,20,16,2,Bayer Leverkusen,Germany
Algeria,23,GK,Luca Zidane,1998-05-13,28,7,0,Granada,Spain
Algeria,24,MF,Yacine Titraoui,2003-08-26,22,5,0,Charleroi,Belgium
Algeria,25,FW,Farès Ghedjemis,2002-09-06,23,1,1,Frosinone,Italy
Algeria,26,DF,Samir Chergui,1999-02-06,27,4,0,Paris FC,France
Argentina,1,GK,Juan Musso,1994-05-06,32,4,0,Atlético Madrid,Spain
Argentina,3,DF,Nicolás Tagliafico,1992-08-31,33,76,1,Lyon,France
Argentina,4,DF,Gonzalo Montiel,1997-01-01,29,39,2,River Plate,Argentina
Argentina,5,MF,Leandro Paredes,1994-06-29,31,77,5,Boca Juniors,Argentina
Argentina,6,DF,Lisandro Martínez,1998-01-18,28,28,1,Manchester United,England
Argentina,7,MF,Rodrigo De Paul,1994-05-24,32,87,2,Inter Miami CF,United States
Argentina,8,MF,Valentín Barco,2004-07-23,21,4,2,Strasbourg,France
Argentina,9,FW,Julián Alvarez,2000-01-31,26,51,14,Atlético Madrid,Spain
Argentina,10,FW,Lionel Messi (captain),1987-06-24,38,199,117,Inter Miami CF,United States
Argentina,11,MF,Giovani Lo Celso,1996-04-09,30,67,4,Real Betis,Spain
Argentina,12,GK,Gerónimo Rulli,1992-05-20,34,8,0,Marseille,France
Argentina,13,DF,Cristian Romero,1998-04-27,28,51,3,Tottenham Hotspur,England
Argentina,14,MF,Exequiel Palacios,1998-10-05,27,40,0,Bayer Leverkusen,Germany
Argentina,15,MF,Nicolás González,1998-04-06,28,51,6,Atlético Madrid,Spain
Argentina,16,FW,Thiago Almada,2001-04-26,25,16,5,Atlético Madrid,Spain
Argentina,17,FW,Giuliano Simeone,2002-12-18,23,13,2,Atlético Madrid,Spain
Argentina,18,FW,Nico Paz,2004-09-08,21,9,1,Como,Italy
Argentina,19,DF,Nicolás Otamendi,1988-02-12,38,132,8,Benfica,Portugal
Argentina,20,MF,Alexis Mac Allister,1998-12-24,27,46,6,Liverpool,England
Argentina,21,FW,José Manuel López,2000-12-06,25,5,0,Palmeiras,Brazil
Argentina,22,FW,Lautaro Martínez,1997-08-22,28,77,37,Inter Milan,Italy
Argentina,23,GK,Emiliano Martínez,1992-09-02,33,59,0,Aston Villa,England
Argentina,24,MF,Enzo Fernández,2001-01-17,25,42,6,Chelsea,England
Argentina,25,DF,Facundo Medina,1999-05-28,27,9,0,Marseille,France
Argentina,26,DF,Nahuel Molina,1998-04-06,28,58,1,Atlético Madrid,Spain
Austria,1,GK,Alexander Schlager,1996-02-01,30,26,0,Red Bull Salzburg,Austria
Austria,2,DF,David Affengruber,2001-03-19,25,1,0,Elche,Spain
Austria,3,DF,Kevin Danso,1998-09-19,27,32,0,Tottenham Hotspur,England
Austria,4,MF,Xaver Schlager,1997-09-28,28,51,4,RB Leipzig,Germany
Austria,5,DF,Stefan Posch,1997-05-14,29,52,5,Mainz 05,Germany
Austria,6,MF,Nicolas Seiwald,2001-05-04,25,47,1,RB Leipzig,Germany
Austria,7,FW,Marko Arnautović,1989-04-19,37,133,47,Red Star Belgrade,Serbia
Austria,8,DF,David Alaba (captain),1992-06-24,33,113,15,Real Madrid,Spain
Austria,9,MF,Marcel Sabitzer,1994-03-17,32,98,26,Borussia Dortmund,Germany
Austria,10,MF,Florian Grillitsch,1995-08-07,30,58,1,Braga,Portugal
Austria,11,FW,Michael Gregoritsch,1994-04-18,32,75,24,FC Augsburg,Germany
Austria,12,GK,Florian Wiegele,2001-03-21,25,1,0,Viktoria Plzeň,Czech Republic
Austria,13,GK,Patrick Pentz,1997-01-02,29,18,0,Brøndby,Denmark
Austria,14,FW,Saša Kalajdžić,1997-07-07,28,22,4,LASK,Austria
Austria,15,DF,Philipp Lienhart,1996-07-11,29,41,3,SC Freiburg,Germany
Austria,16,DF,Phillipp Mwene,1994-01-29,32,30,0,Mainz 05,Germany
Austria,17,MF,Carney Chukwuemeka,2003-10-20,22,3,1,Borussia Dortmund,Germany
Austria,18,MF,Romano Schmid,2000-01-27,26,34,3,Werder Bremen,Germany
Austria,19,MF,Dejan Ljubičić,1997-10-08,28,9,1,Schalke 04,Germany
Austria,20,MF,Konrad Laimer,1997-05-27,29,57,7,Bayern Munich,Germany
Austria,21,FW,Patrick Wimmer,2001-05-30,25,30,1,VfL Wolfsburg,Germany
Austria,22,MF,Alexander Prass,2001-05-26,25,19,0,TSG Hoffenheim,Germany
Austria,23,DF,Marco Friedl,1998-03-16,28,11,0,Werder Bremen,Germany
Austria,24,MF,Paul Wanner,2005-12-23,20,3,0,PSV Eindhoven,Netherlands
Austria,25,DF,Michael Svoboda,1998-10-15,27,4,0,Venezia,Italy
Austria,26,MF,Alessandro Schöpf,1994-02-07,32,35,6,Wolfsberger AC,Austria
Jordan,1,GK,Yazeed Abulaila,1993-01-08,33,76,0,Al-Hussein,Jordan
Jordan,2,DF,Mohammad Abu Hashish,1995-05-09,31,56,1,Al-Karma,Iraq
Jordan,3,DF,Abdallah Nasib,1994-02-25,32,65,3,Al-Zawraa,Iraq
Jordan,4,DF,Husam Abu Dahab,2000-05-13,26,18,0,Al-Faisaly,Jordan
Jordan,5,DF,Yazan Al-Arab,1996-01-31,30,80,3,FC Seoul,South Korea
Jordan,6,MF,Amer Jamous,2002-07-03,23,19,1,Al-Zawraa,Iraq
Jordan,7,FW,Mohammad Abu Zrayq,1997-12-30,28,41,5,Raja Casablanca,Morocco
Jordan,8,MF,Noor Al-Rawabdeh,1997-02-24,29,68,3,Selangor,Malaysia
Jordan,9,FW,Ali Olwan,2000-03-26,26,66,29,Al-Sailiya,Qatar
Jordan,10,FW,Musa Al-Taamari,1997-06-10,29,92,24,Rennes,France
Jordan,11,FW,Odeh Al-Fakhouri,2005-11-22,20,10,1,Pyramids,Egypt
Jordan,12,GK,Nour Bani Attiah,1993-01-25,33,5,0,Al-Faisaly,Jordan
Jordan,13,FW,Mahmoud Al-Mardi,1993-10-06,32,89,9,Al-Hussein,Jordan
Jordan,14,MF,Rajaei Ayed,1993-07-25,32,72,0,Al-Hussein,Jordan
Jordan,15,MF,Ibrahim Sadeh,2000-04-27,26,57,3,Al-Karma,Iraq
Jordan,16,DF,Mo Abualnadi,2001-02-08,25,18,0,Selangor,Malaysia
Jordan,17,DF,Salim Obaid,1992-01-17,34,11,0,Al-Hussein,Jordan
Jordan,18,DF,Mohammad Taha,2005-07-13,20,2,0,Al-Hussein,Jordan
Jordan,19,DF,Saed Al-Rosan,1997-02-01,29,21,2,Al-Hussein,Jordan
Jordan,20,MF,Mohannad Abu Taha,2003-02-02,23,29,1,Al-Quwa Al-Jawiya,Iraq
Jordan,21,MF,Nizar Al-Rashdan,1999-03-23,27,47,4,Qatar SC,Qatar
Jordan,22,GK,Abdallah Al-Fakhouri,2000-01-22,26,11,0,Al-Wehdat,Jordan
Jordan,23,DF,Ihsan Haddad (captain),1994-02-05,32,92,2,Al-Hussein,Jordan
Jordan,24,FW,Ali Azaizeh,2004-04-13,22,4,0,Al-Shabab,Saudi Arabia
Jordan,25,MF,Mohammad Al-Dawoud,1992-04-12,34,13,1,Al-Wehdat,Jordan
Jordan,26,DF,Anas Badawi,1997-09-13,28,1,0,Al-Faisaly,Jordan
Colombia,1,GK,David Ospina,1988-08-31,37,130,0,Atlético Nacional,Colombia
Colombia,2,DF,Daniel Muñoz,1996-05-26,30,46,3,Crystal Palace,England
Colombia,3,DF,Jhon Lucumí,1998-06-26,27,37,1,Bologna,Italy
Colombia,4,DF,Santiago Arias,1992-01-13,34,68,0,Independiente,Argentina
Colombia,5,MF,Kevin Castaño,2000-09-29,25,25,0,River Plate,Argentina
Colombia,6,MF,Richard Ríos,2000-06-02,26,32,2,Benfica,Portugal
Colombia,7,FW,Luis Díaz,1997-01-13,29,74,22,Bayern Munich,Germany
Colombia,8,MF,Jorge Carrascal,1998-05-25,28,24,2,Flamengo,Brazil
Colombia,9,FW,Jhon Córdoba,1993-05-11,33,21,6,Krasnodar,Russia
Colombia,10,MF,James Rodríguez (captain),1991-07-12,34,126,31,Minnesota United FC,United States
Colombia,11,MF,Jhon Arias,1997-09-21,28,38,6,Palmeiras,Brazil
Colombia,12,GK,Camilo Vargas,1989-03-09,37,42,0,Atlas,Mexico
Colombia,13,DF,Yerry Mina,1994-09-23,31,54,8,Cagliari,Italy
Colombia,14,DF,Gustavo Puerta,2003-07-23,22,6,1,Racing Santander,Spain
Colombia,15,MF,Juan Portilla,1998-09-12,27,10,0,Athletico Paranaense,Brazil
Colombia,16,MF,Jefferson Lerma,1994-10-25,31,65,5,Crystal Palace,England
Colombia,17,DF,Johan Mojica,1992-08-21,33,45,1,Mallorca,Spain
Colombia,18,DF,Willer Ditta,1998-01-23,28,5,0,Cruz Azul,Mexico
Colombia,19,FW,Cucho Hernández,1999-04-20,27,9,2,Real Betis,Spain
Colombia,20,MF,Juan Fernando Quintero,1993-01-18,33,49,6,River Plate,Argentina
Colombia,21,FW,Jaminton Campaz,2000-05-24,26,10,1,Rosario Central,Argentina
Colombia,22,DF,Deiver Machado,1993-09-02,32,15,0,Nantes,France
Colombia,23,DF,Davinson Sánchez,1996-06-12,29,79,4,Galatasaray,Turkey
Colombia,24,GK,Álvaro Montero,1995-03-29,31,12,0,Vélez Sarsfield,Argentina
Colombia,25,FW,Luis Suárez,1997-12-02,28,12,5,Sporting CP,Portugal
Colombia,26,FW,Andrés Gómez,2002-09-12,23,8,2,Vasco da Gama,Brazil
DR Congo,1,GK,Lionel Mpasi,1994-08-01,31,29,0,Le Havre,France
DR Congo,2,DF,Aaron Wan-Bissaka,1997-11-26,28,12,0,West Ham United,England
DR Congo,3,DF,Steve Kapuadi,1998-04-30,28,4,0,Widzew Łódź,Poland
DR Congo,4,DF,Axel Tuanzebe,1997-11-14,28,14,1,Burnley,England
DR Congo,5,DF,Dylan Batubinsika,1996-02-15,30,14,1,AEL,Greece
DR Congo,6,MF,Ngal'ayel Mukau,2004-11-03,21,14,0,Lille,France
DR Congo,7,MF,Nathanaël Mbuku,2002-03-16,24,19,2,Montpellier,France
DR Congo,8,MF,Samuel Moutoussamy,1996-08-12,29,58,0,Atromitos,Greece
DR Congo,9,FW,Brian Cipenga,1998-03-11,28,8,0,Castellón,Spain
DR Congo,10,MF,Théo Bongonda,1995-11-20,30,38,7,Spartak Moscow,Russia
DR Congo,11,FW,Gaël Kakuta,1991-06-21,34,31,5,AEL,Greece
DR Congo,12,DF,Joris Kayembe,1994-08-08,31,26,1,Genk,Belgium
DR Congo,13,FW,Meschak Elia,1997-08-06,28,69,12,Alanyaspor,Turkey
DR Congo,14,MF,Noah Sadiki,2004-12-17,21,20,0,Sunderland,England
DR Congo,15,MF,Aaron Tshibola,1995-01-02,31,17,1,Kilmarnock,Scotland
DR Congo,16,GK,Timothy Fayulu,1999-07-24,26,3,0,Noah,Armenia
DR Congo,17,FW,Cédric Bakambu,1991-04-11,35,70,21,Real Betis,Spain
DR Congo,18,MF,Charles Pickel,1997-05-15,29,34,1,Espanyol,Spain
DR Congo,19,FW,Fiston Mayele,1994-06-24,31,37,6,Pyramids,Egypt
DR Congo,20,FW,Yoane Wissa,1996-09-03,29,38,9,Newcastle United,England
DR Congo,21,GK,Matthieu Epolo,2005-01-15,21,1,0,Standard Liège,Belgium
DR Congo,22,DF,Chancel Mbemba (captain),1994-08-08,31,109,7,Lille,France
DR Congo,23,FW,Simon Banza,1996-08-13,29,15,2,Al Jazira,United Arab Emirates
DR Congo,24,DF,Gédéon Kalulu,1997-08-29,28,28,0,Aris Limassol,Cyprus
DR Congo,25,MF,Edo Kayembe,1998-06-03,28,43,2,Watford,England
DR Congo,26,DF,Arthur Masuaku,1993-11-07,32,45,4,Lens,France
Portugal,1,GK,Diogo Costa,1999-09-19,26,43,0,Porto,Portugal
Portugal,2,DF,Nélson Semedo,1993-11-16,32,50,0,Fenerbahçe,Turkey
Portugal,3,DF,Rúben Dias,1997-05-14,29,76,3,Manchester City,England
Portugal,4,DF,Tomás Araújo,2002-05-16,24,5,0,Benfica,Portugal
Portugal,5,DF,Diogo Dalot,1999-03-18,27,35,3,Manchester United,England
Portugal,6,MF,Matheus Nunes,1998-08-27,27,20,2,Manchester City,England
Portugal,7,FW,Cristiano Ronaldo (captain),1985-02-05,41,228,143,Al-Nassr,Saudi Arabia
Portugal,8,MF,Bruno Fernandes,1994-09-08,31,89,29,Manchester United,England
Portugal,9,FW,Gonçalo Ramos,2001-06-20,24,25,10,Paris Saint-Germain,France
Portugal,10,MF,Bernardo Silva,1994-08-10,31,109,14,Manchester City,England
Portugal,11,FW,João Félix,1999-11-10,26,54,12,Al-Nassr,Saudi Arabia
Portugal,12,GK,José Sá,1993-01-17,33,5,0,Wolverhampton Wanderers,England
Portugal,13,DF,Renato Veiga,2003-07-29,22,13,1,Villarreal,Spain
Portugal,14,DF,Gonçalo Inácio,2001-08-25,24,22,2,Sporting CP,Portugal
Portugal,15,MF,João Neves,2004-09-27,21,22,3,Paris Saint-Germain,France
Portugal,16,FW,Francisco Trincão,1999-12-29,26,18,3,Sporting CP,Portugal
Portugal,17,FW,Rafael Leão,1999-06-10,27,44,5,Milan,Italy
Portugal,18,FW,Pedro Neto,2000-03-09,26,25,3,Chelsea,England
Portugal,19,FW,Gonçalo Guedes,1996-11-29,29,34,8,Real Sociedad,Spain
Portugal,20,DF,João Cancelo,1994-05-27,32,68,12,Barcelona,Spain
Portugal,21,MF,Rúben Neves,1997-03-13,29,67,1,Al-Hilal,Saudi Arabia
Portugal,22,GK,Rui Silva,1994-02-07,32,3,0,Sporting CP,Portugal
Portugal,23,MF,Vitinha,2000-02-13,26,38,0,Paris Saint-Germain,France
Portugal,24,DF,Samú Costa,2000-11-27,25,6,0,Mallorca,Spain
Portugal,25,DF,Nuno Mendes,2002-06-19,23,44,1,Paris Saint-Germain,France
Portugal,26,FW,Francisco Conceição,2002-12-14,23,17,4,Juventus,Italy
Uzbekistan,1,GK,Utkir Yusupov,1991-01-04,35,40,0,Navbahor Namangan,Uzbekistan
Uzbekistan,2,DF,Abdukodir Khusanov,2004-02-29,22,27,0,Manchester City,England
Uzbekistan,3,DF,Khojiakbar Alijonov,1997-04-19,29,40,2,Pakhtakor,Uzbekistan
Uzbekistan,4,DF,Farrukh Sayfiev,1991-01-17,35,46,1,Neftchi Fergana,Uzbekistan
Uzbekistan,5,DF,Rustam Ashurmatov,1996-07-07,29,49,1,Esteghlal,Iran
Uzbekistan,6,MF,Akmal Mozgovoy,1999-04-02,27,25,1,Pakhtakor,Uzbekistan
Uzbekistan,7,MF,Otabek Shukurov,1996-06-22,29,84,9,Baniyas,United Arab Emirates
Uzbekistan,8,MF,Jamshid Iskanderov,1993-10-16,32,38,4,Neftchi Fergana,Uzbekistan
Uzbekistan,9,MF,Odiljon Hamrobekov,1996-02-13,30,72,1,Tractor,Iran
Uzbekistan,10,MF,Jaloliddin Masharipov,1993-09-01,32,74,12,Esteghlal,Iran
Uzbekistan,11,MF,Oston Urunov,2000-12-19,25,42,10,Persepolis,Iran
Uzbekistan,12,GK,Abduvohid Nematov,2001-03-20,25,8,0,Nasaf,Uzbekistan
Uzbekistan,13,DF,Sherzod Nasrullaev,1998-07-23,27,31,2,Nasaf,Uzbekistan
Uzbekistan,14,FW,Eldor Shomurodov (captain),1995-06-29,30,92,44,İstanbul Başakşehir,Turkey
Uzbekistan,15,DF,Umar Eshmurodov,1992-11-30,33,29,0,Nasaf,Uzbekistan
Uzbekistan,16,GK,Botirali Ergashev,1995-06-23,30,2,0,Neftchi Fergana,Uzbekistan
Uzbekistan,17,MF,Dostonbek Khamdamov,1996-07-24,29,34,5,Pakhtakor,Uzbekistan
Uzbekistan,18,DF,Abdulla Abdullaev,1997-09-01,28,17,0,Dibba,United Arab Emirates
Uzbekistan,19,MF,Azizjon Ganiev,1998-02-22,28,19,0,Al Bataeh,United Arab Emirates
Uzbekistan,20,FW,Azizbek Amonov,1997-10-30,28,12,2,Dinamo Samarqand,Uzbekistan
Uzbekistan,21,FW,Igor Sergeev,1993-04-30,33,83,25,Persepolis,Iran
Uzbekistan,22,MF,Abbosbek Fayzullaev,2003-10-03,22,32,8,İstanbul Başakşehir,Turkey
Uzbekistan,23,MF,Sherzod Esanov,2003-02-01,23,1,0,Bukhara,Uzbekistan
Uzbekistan,24,DF,Bekhruz Karimov,2007-08-07,18,2,0,Surkhon Termiz,Uzbekistan
Uzbekistan,25,DF,Avazbek Ulmasaliev,2000-03-27,26,0,0,AGMK,Uzbekistan
Uzbekistan,26,DF,Jakhongir Urozov,2004-01-18,22,4,0,Dinamo Samarqand,Uzbekistan
Croatia,1,GK,Dominik Livaković,1995-01-09,31,75,0,Dinamo Zagreb,Croatia
Croatia,2,DF,Josip Stanišić,2000-04-02,26,31,0,Bayern Munich,Germany
Croatia,3,DF,Marin Pongračić,1997-09-11,28,20,0,Fiorentina,Italy
Croatia,4,DF,Joško Gvardiol,2002-01-23,24,48,4,Manchester City,England
Croatia,5,DF,Duje Ćaleta-Car,1996-09-17,29,38,1,Real Sociedad,Spain
Croatia,6,DF,Josip Šutalo,2000-02-28,26,33,0,Ajax,Netherlands
Croatia,7,MF,Nikola Moro,1998-03-12,28,10,0,Bologna,Italy
Croatia,8,MF,Mateo Kovačić,1994-05-06,32,113,5,Manchester City,England
Croatia,9,FW,Andrej Kramarić,1991-06-19,34,116,36,TSG Hoffenheim,Germany
Croatia,10,MF,Luka Modrić (captain),1985-09-09,40,198,29,Milan,Italy
Croatia,11,FW,Ante Budimir,1991-07-22,34,38,6,Osasuna,Spain
Croatia,12,GK,Ivor Pandur,2000-03-25,26,0,0,Hull City,England
Croatia,13,MF,Nikola Vlašić,1997-10-04,28,63,10,Torino,Italy
Croatia,14,FW,Ivan Perišić,1989-02-02,37,154,38,PSV Eindhoven,Netherlands
Croatia,15,MF,Mario Pašalić,1995-02-09,31,85,12,Atalanta,Italy
Croatia,16,MF,Martin Baturina,2003-02-16,23,19,1,Como,Italy
Croatia,17,MF,Petar Sučić,2003-10-25,22,17,1,Inter Milan,Italy
Croatia,18,DF,Kristijan Jakić,1997-05-14,29,17,2,FC Augsburg,Germany
Croatia,19,MF,Toni Fruk,2001-03-09,25,7,1,Rijeka,Croatia
Croatia,20,FW,Igor Matanović,2003-03-31,23,9,2,SC Freiburg,Germany
Croatia,21,MF,Luka Sučić,2002-09-08,23,21,1,Real Sociedad,Spain
Croatia,22,DF,Luka Vušković,2007-02-24,19,5,1,Hamburger SV,Germany
Croatia,23,GK,Dominik Kotarski,2000-02-10,26,4,0,Copenhagen,Denmark
Croatia,24,FW,Marco Pašalić,2000-09-14,25,15,1,Orlando City SC,United States
Croatia,25,DF,Martin Erlić,1998-01-24,28,13,1,Midtjylland,Denmark
Croatia,26,FW,Petar Musa,1998-03-04,28,11,1,FC Dallas,United States
England,1,GK,Jordan Pickford,1994-03-07,32,84,0,Everton,England
England,2,DF,Ezri Konsa,1997-10-23,28,20,1,Aston Villa,England
England,3,DF,Nico O'Reilly,2005-03-21,21,5,0,Manchester City,England
England,4,MF,Declan Rice,1999-01-14,27,73,7,Arsenal,England
England,5,DF,John Stones,1994-05-28,32,89,3,Manchester City,England
England,6,DF,Marc Guéhi,2000-07-13,25,29,1,Manchester City,England
England,7,FW,Bukayo Saka,2001-09-05,24,49,14,Arsenal,England
England,8,MF,Elliot Anderson,2002-11-06,23,9,0,Nottingham Forest,England
England,9,FW,Harry Kane (captain),1993-07-28,32,114,79,Bayern Munich,Germany
England,10,MF,Jude Bellingham,2003-06-29,22,48,6,Real Madrid,Spain
England,11,FW,Marcus Rashford,1997-10-31,28,72,18,Barcelona,Spain
England,12,DF,Tino Livramento,2002-11-12,23,6,0,Newcastle United,England
England,13,GK,Dean Henderson,1997-03-12,29,5,0,Crystal Palace,England
England,14,MF,Jordan Henderson,1990-06-17,35,90,3,Brentford,England
England,15,DF,Dan Burn,1992-05-09,34,8,0,Newcastle United,England
England,16,MF,Kobbie Mainoo,2005-04-19,21,14,0,Manchester United,England
England,17,MF,Morgan Rogers,2002-07-26,23,15,1,Aston Villa,England
England,18,FW,Anthony Gordon,2001-02-24,25,19,3,Newcastle United,England
England,19,FW,Ollie Watkins,1995-12-30,30,22,7,Aston Villa,England
England,20,FW,Noni Madueke,2002-03-10,24,11,1,Arsenal,England
England,21,MF,Eberechi Eze,1998-06-29,27,17,3,Arsenal,England
England,22,FW,Ivan Toney,1996-03-16,30,8,1,Al-Ahli,Saudi Arabia
England,23,GK,James Trafford,2002-10-10,23,2,0,Manchester City,England
England,24,DF,Reece James,1999-12-08,26,24,1,Chelsea,England
England,25,DF,Djed Spence,2000-08-09,25,6,0,Tottenham Hotspur,England
England,26,DF,Jarell Quansah,2003-01-29,23,3,0,Bayer Leverkusen,Germany
Ghana,1,GK,Lawrence Ati-Zigi,1996-11-29,29,29,0,St. Gallen,Switzerland
Ghana,2,DF,Alidu Seidu,2000-06-04,26,24,1,Rennes,France
Ghana,3,MF,Caleb Yirenkyi,2006-01-15,20,11,1,Nordsjælland,Denmark
Ghana,4,DF,Jonas Adjetey,2003-12-13,22,10,0,VfL Wolfsburg,Germany
Ghana,5,MF,Thomas Partey,1993-06-13,32,57,15,Villarreal,Spain
Ghana,6,DF,Abdul Mumin,1998-06-06,28,5,0,Rayo Vallecano,Spain
Ghana,7,FW,Abdul Fatawu,2004-03-08,22,28,3,Leicester City,England
Ghana,8,MF,Kwasi Sibo,1998-06-24,27,8,0,Oviedo,Spain
Ghana,9,FW,Jordan Ayew (captain),1991-09-11,34,120,34,Leicester City,England
Ghana,10,FW,Brandon Thomas-Asante,1998-12-29,27,8,1,Coventry City,England
Ghana,11,MF,Antoine Semenyo,2000-01-07,26,34,3,Manchester City,England
Ghana,12,GK,Joseph Anang,2000-06-08,26,1,0,St Patrick's Athletic,Ireland
Ghana,13,FW,Christopher Bonsu Baah,2004-12-14,21,9,0,Al-Qadsiah,Saudi Arabia
Ghana,14,DF,Gideon Mensah,1998-07-18,27,40,0,Auxerre,France
Ghana,15,MF,Elisha Owusu,1997-11-07,28,20,0,Auxerre,France
Ghana,16,GK,Benjamin Asare,1992-07-13,33,11,0,Hearts of Oak,Ghana
Ghana,17,DF,Abdul Rahman Baba,1994-07-02,31,51,1,PAOK,Greece
Ghana,18,DF,Jerome Opoku,1998-10-14,27,11,1,İstanbul Başakşehir,Turkey
Ghana,19,FW,Iñaki Williams,1994-06-15,31,26,2,Athletic Bilbao,Spain
Ghana,20,MF,Augustine Boakye,2000-11-03,25,0,0,Saint-Étienne,France
Ghana,21,DF,Kojo Peprah Oppong,2004-06-04,22,4,0,Nice,France
Ghana,22,FW,Kamaldeen Sulemana,2002-02-15,24,28,1,Atalanta,Italy
Ghana,23,DF,Derrick Luckassen,1995-07-03,30,1,0,Pafos,Cyprus
Ghana,24,FW,Ernest Nuamah,2003-11-01,22,18,4,Lyon,France
Ghana,25,FW,Prince Kwabena Adu,2003-09-23,22,5,0,Viktoria Plzeň,Czech Republic
Ghana,26,DF,Marvin Senaya,2001-01-28,25,2,0,Auxerre,France
Panama,1,GK,Luis Mejía,1991-03-16,35,56,0,Nacional,Uruguay
Panama,2,DF,César Blackman,1998-04-02,28,40,3,Slovan Bratislava,Slovakia
Panama,3,DF,José Córdoba,2001-06-03,25,32,1,Norwich City,England
Panama,4,DF,Fidel Escobar,1995-01-09,31,99,4,Saprissa,Costa Rica
Panama,5,DF,Edgardo Fariña,2001-10-19,24,18,0,Pari Nizhny Novgorod,Russia
Panama,6,MF,Cristian Martínez,1997-02-06,29,66,2,Ironi Kiryat Shmona,Israel
Panama,7,MF,José Luis Rodríguez,1998-06-19,27,70,8,Juárez,Mexico
Panama,8,MF,Adalberto Carrasquilla,1998-11-28,27,73,3,UNAM,Mexico
Panama,9,FW,Tomás Rodríguez,1999-03-09,27,13,4,Saprissa,Costa Rica
Panama,10,MF,Ismael Díaz,1997-05-12,29,57,17,León,Mexico
Panama,11,MF,Yoel Bárcenas,1993-10-23,32,104,10,Mazatlán,Mexico
Panama,12,GK,César Samudio,1994-02-23,32,5,0,Marathón,Honduras
Panama,13,DF,Jiovany Ramos,1997-01-26,29,23,2,Puerto Cabello,Venezuela
Panama,14,DF,Carlos Harvey,2000-02-03,26,28,3,Minnesota United FC,United States
Panama,15,DF,Eric Davis,1991-03-31,35,107,9,Plaza Amador,Panama
Panama,16,DF,Andrés Andrade,1998-10-16,27,50,1,LASK,Austria
Panama,17,FW,José Fajardo,1993-08-18,32,68,17,Universidad Católica,Ecuador
Panama,18,FW,Cecilio Waterman,1991-04-13,35,55,15,Universidad de Concepción,Chile
Panama,19,MF,Alberto Quintero,1987-12-18,38,141,7,Plaza Amador,Panama
Panama,20,MF,Aníbal Godoy (captain),1990-02-10,36,159,4,San Diego FC,United States
Panama,21,MF,César Yanis,1996-01-28,30,56,5,Cobresal,Chile
Panama,22,GK,Orlando Mosquera,1994-12-25,31,48,0,Al-Fayha,Saudi Arabia
Panama,23,DF,Michael Amir Murillo,1996-02-11,30,94,9,Beşiktaş,Turkey
Panama,24,FW,Azarias Londoño,2001-06-21,24,11,0,Universidad Católica,Ecuador
Panama,25,DF,Roderick Miller,1992-04-03,34,50,2,Turan Tovuz,Azerbaijan
Panama,26,DF,Jorge Gutiérrez,1998-09-01,27,18,0,Deportivo La Guaira,Venezuela
